"user_id","Agriculture","Civil_Rights","Defense","Economy","Education","Energy","Environment","Finance_Commerce","Foreign_Trade","Government_Operations","Health","Housing","Immigration","International_Affairs","Labor","Law_Crime","Public_Lands_Water","Science_Tech","Social_Welfare","Transportation"
"4608082538",0,0,0,0,0,1,0,0,0,0,0,0,0,0,0,1,1,0,0,0
"330679414",NA,NA,NA,NA,NA,NA,NA,NA,NA,NA,NA,NA,NA,NA,NA,NA,NA,NA,NA,NA
"74303349",0,0,0,0,0,1,0,0,0,1,0,0,1,0,0,1,1,0,0,0
"616780155",0,0,0,0,0,0,0,1,0,1,0,0,0,0,0,1,0,0,0,0
"1367742536",0,0,0,0,0,0,0,0,0,0,0,0,0,0,0,1,0,0,0,1
"41272646",1,0,0,0,0,0,0,1,0,1,0,0,0,0,0,0,0,0,0,0
"1558981477",NA,NA,NA,NA,NA,NA,NA,NA,NA,NA,NA,NA,NA,NA,NA,NA,NA,NA,NA,NA
"2790039832",0,0,0,0,0,1,0,0,0,1,1,0,0,0,0,1,1,0,0,0
"364474556",0,0,0,0,1,0,0,0,0,1,1,0,0,0,1,0,0,0,0,0
"582059179",NA,NA,NA,NA,NA,NA,NA,NA,NA,NA,NA,NA,NA,NA,NA,NA,NA,NA,NA,NA
"54887383",0,0,0,0,1,0,0,0,0,1,0,0,0,0,0,0,0,0,0,0
"284994524",NA,NA,NA,NA,NA,NA,NA,NA,NA,NA,NA,NA,NA,NA,NA,NA,NA,NA,NA,NA
"40834201",0,0,0,0,1,0,0,0,0,0,0,0,0,0,0,1,0,0,0,0
"1532793774",NA,NA,NA,NA,NA,NA,NA,NA,NA,NA,NA,NA,NA,NA,NA,NA,NA,NA,NA,NA
"3022998240",0,0,0,0,0,0,0,0,0,1,0,0,0,0,0,1,0,0,0,0
"551256979",NA,NA,NA,NA,NA,NA,NA,NA,NA,NA,NA,NA,NA,NA,NA,NA,NA,NA,NA,NA
"13028602",0,0,0,0,0,0,0,0,0,0,0,0,0,1,0,1,0,0,0,0
"25640802",0,0,0,0,0,1,0,0,0,0,0,0,0,0,0,1,1,0,0,1
"51740855",0,0,0,0,0,0,0,1,0,1,0,0,0,0,0,1,0,0,0,0
"19663876",0,0,0,0,1,0,0,1,0,0,0,0,0,0,1,0,0,0,0,0
"887149076730454016",0,0,0,0,0,0,0,0,0,1,0,0,0,1,0,0,0,0,0,0
"608826805",0,0,0,0,0,0,0,1,0,1,0,0,0,0,0,1,0,0,0,1
"51740030",0,0,0,0,0,0,0,0,0,0,1,0,0,0,0,1,0,0,1,0
"164160570",0,0,0,0,0,0,0,1,0,1,0,0,0,0,0,0,0,0,0,0
"17655062",NA,NA,NA,NA,NA,NA,NA,NA,NA,NA,NA,NA,NA,NA,NA,NA,NA,NA,NA,NA
"41461880",0,0,0,0,0,0,0,1,0,1,0,0,0,0,0,1,0,0,0,0
"1408432652",0,0,0,0,1,1,0,0,0,1,0,0,0,0,0,1,1,0,0,0
"3279277182",0,0,0,0,0,0,0,0,0,0,0,0,0,0,0,1,0,0,0,0
"3974937820",0,0,0,0,1,0,0,0,0,1,0,0,0,1,0,0,0,0,0,0
"2231875231",0,0,0,0,0,0,0,0,0,0,1,0,0,0,0,1,0,0,0,0
"21632252",0,0,0,0,1,0,0,0,0,1,0,0,0,0,0,1,0,0,0,0
"2355324846",0,0,0,0,0,0,0,1,0,0,1,0,0,0,0,0,0,1,0,0
"402835409",NA,NA,NA,NA,NA,NA,NA,NA,NA,NA,NA,NA,NA,NA,NA,NA,NA,NA,NA,NA
"186655721",1,0,0,0,0,0,0,1,0,0,0,0,0,0,0,0,0,1,0,0
"2494724053",0,0,0,0,0,0,0,0,0,0,0,0,0,0,0,1,0,0,1,1
"546134615",0,0,0,0,1,0,0,1,0,0,0,0,0,0,1,0,0,0,0,0
"42762200",0,0,0,0,1,0,0,0,0,1,0,0,0,0,0,1,0,0,0,0
"724771632703660032",NA,NA,NA,NA,NA,NA,NA,NA,NA,NA,NA,NA,NA,NA,NA,NA,NA,NA,NA,NA
"2451653160",0,0,0,0,1,0,0,0,0,1,0,0,0,0,0,1,0,0,0,0
"730830543516884992",NA,NA,NA,NA,NA,NA,NA,NA,NA,NA,NA,NA,NA,NA,NA,NA,NA,NA,NA,NA
"109163827",NA,NA,NA,NA,NA,NA,NA,NA,NA,NA,NA,NA,NA,NA,NA,NA,NA,NA,NA,NA
"821410842671398912",0,0,0,0,0,1,0,0,0,0,0,0,0,0,0,0,1,0,0,0
"506282253",0,0,0,0,0,0,0,0,0,1,1,0,0,0,0,0,0,0,0,0
"3134359560",0,0,0,0,0,0,0,0,0,0,0,0,1,0,0,1,0,0,0,0
"2579009659",0,0,0,0,1,0,0,0,0,0,0,0,0,0,0,1,0,0,0,0
"803745400427397120",NA,NA,NA,NA,NA,NA,NA,NA,NA,NA,NA,NA,NA,NA,NA,NA,NA,NA,NA,NA
"411024392",0,0,0,0,0,0,0,0,0,1,0,0,0,0,0,1,0,0,0,0
"28147238",NA,NA,NA,NA,NA,NA,NA,NA,NA,NA,NA,NA,NA,NA,NA,NA,NA,NA,NA,NA
"158494010",0,0,0,0,1,0,0,0,0,0,1,0,0,0,0,1,0,0,0,0
"2474731609",0,0,0,0,0,0,0,1,0,1,0,0,0,0,0,1,0,0,0,0
"15186725",0,0,0,0,0,0,0,1,0,1,0,0,0,0,0,1,0,0,0,0
"164054177",NA,NA,NA,NA,NA,NA,NA,NA,NA,NA,NA,NA,NA,NA,NA,NA,NA,NA,NA,NA
"34715823",NA,NA,NA,NA,NA,NA,NA,NA,NA,NA,NA,NA,NA,NA,NA,NA,NA,NA,NA,NA
"26659619",NA,NA,NA,NA,NA,NA,NA,NA,NA,NA,NA,NA,NA,NA,NA,NA,NA,NA,NA,NA
"529638758",NA,NA,NA,NA,NA,NA,NA,NA,NA,NA,NA,NA,NA,NA,NA,NA,NA,NA,NA,NA
"531881500",1,0,0,0,0,1,0,0,0,1,0,0,0,0,0,0,1,0,0,0
"325943840",NA,NA,NA,NA,NA,NA,NA,NA,NA,NA,NA,NA,NA,NA,NA,NA,NA,NA,NA,NA
"103057647",0,0,0,0,1,0,0,0,0,0,1,0,0,0,1,1,0,0,0,0
"377010453",0,0,0,0,1,0,0,1,0,0,0,0,0,0,0,1,0,0,0,0
"2410032619",1,0,0,0,0,0,0,0,0,1,0,0,0,0,0,1,0,0,0,1
"772437438",0,0,0,0,0,0,0,0,0,1,0,0,0,0,0,1,0,0,0,1
"116012791",1,0,0,0,1,1,0,0,0,0,1,0,1,0,0,0,1,0,0,0
"18251714",0,0,0,0,1,1,0,0,0,0,0,0,0,0,1,1,1,0,0,1
"504962601",0,0,0,0,0,0,0,0,0,0,0,0,0,0,0,0,0,0,0,0
"492476220",0,0,1,0,0,1,1,0,0,1,0,0,0,0,1,1,1,1,0,1
"2575115996",1,0,0,1,1,0,0,0,0,0,1,0,0,1,0,0,0,1,0,0
"4716049218",0,0,0,0,0,0,0,0,0,1,1,0,0,0,0,0,0,0,1,1
"2394916562",1,0,0,0,1,1,0,1,0,1,1,0,0,0,0,0,1,0,0,0
"807049147178070016",0,0,0,0,0,0,0,1,0,0,0,0,0,0,0,1,0,0,0,1
"12228202",NA,NA,NA,NA,NA,NA,NA,NA,NA,NA,NA,NA,NA,NA,NA,NA,NA,NA,NA,NA
"2915757084",NA,NA,NA,NA,NA,NA,NA,NA,NA,NA,NA,NA,NA,NA,NA,NA,NA,NA,NA,NA
"10378382",0,0,1,1,1,1,0,1,0,1,1,1,0,0,0,1,0,0,0,1
"184440525",0,0,0,0,0,0,0,0,0,1,1,0,0,0,0,0,0,0,0,0
"21579611",0,0,0,0,0,1,0,1,0,1,0,1,0,0,1,1,0,1,0,0
"68307443",0,0,0,1,0,0,0,0,0,1,1,0,0,0,0,1,0,0,0,0
"1674093146",0,0,0,1,0,1,1,0,0,1,1,0,0,0,0,1,0,1,0,0
"2426056399",1,0,0,0,0,0,0,0,0,1,1,0,0,0,0,0,0,0,0,0
"18973663",0,0,0,0,0,0,0,1,0,1,0,0,0,0,0,0,0,1,0,1
"489087014",0,0,0,1,1,1,0,0,0,1,1,0,0,0,0,1,0,0,0,1
"34803630",0,0,1,0,1,0,0,0,0,1,1,1,0,0,0,1,0,1,0,1
"59626402",0,0,0,0,1,0,0,0,0,1,0,0,0,0,1,1,0,1,0,1
"3144955133",1,0,0,0,1,0,1,0,0,1,1,0,0,0,0,1,1,0,1,0
"17721573",0,0,0,0,1,0,0,0,0,0,0,0,0,1,1,1,0,0,1,0
"1206233820",0,0,1,1,1,0,0,1,0,1,1,0,0,0,0,1,1,0,0,0
"512044262",0,0,0,0,1,0,0,1,0,1,0,0,0,0,0,1,0,0,0,0
"825074261140201472",1,0,0,1,0,0,0,1,0,1,0,1,0,0,1,0,1,1,0,0
"775836143044616192",0,0,0,0,1,0,1,1,0,1,0,0,0,0,0,1,0,0,0,0
"15211944",1,0,1,0,1,0,0,0,0,1,0,0,0,0,0,1,0,1,1,0
"272482466",0,0,1,1,1,1,1,1,0,1,0,0,0,0,0,1,0,1,0,0
"7622512",0,0,0,0,1,0,0,1,0,1,1,0,0,0,1,0,0,0,1,1
"611239683",1,0,1,1,1,1,0,1,0,0,0,0,0,0,1,1,0,1,0,1
"563440622",0,0,0,0,0,0,1,0,0,1,1,0,0,0,0,1,0,1,1,0
"813876296669282304",0,0,0,1,1,1,0,1,0,1,1,1,0,0,0,1,1,0,0,0
"534504010",NA,NA,NA,NA,NA,NA,NA,NA,NA,NA,NA,NA,NA,NA,NA,NA,NA,NA,NA,NA
"831987790812368896",1,0,0,0,1,0,0,0,0,1,1,1,0,0,1,0,0,0,0,1
"743488590",NA,NA,NA,NA,NA,NA,NA,NA,NA,NA,NA,NA,NA,NA,NA,NA,NA,NA,NA,NA
"62978457",0,0,0,0,0,1,1,1,0,0,0,1,0,0,0,1,0,1,0,1
"3018082713",0,0,0,0,1,1,1,0,0,1,1,0,0,0,0,1,0,0,0,0
"3761644334",0,0,0,1,0,1,0,1,0,0,0,1,0,0,1,0,1,1,0,1
"3016727754",1,0,1,1,1,0,0,1,0,0,0,0,0,0,0,0,0,1,1,0
"1666173386",0,0,0,0,0,0,0,0,0,1,1,0,0,1,1,1,0,0,1,1
"821531827579949056",0,0,0,1,1,1,1,1,0,1,1,0,0,0,0,1,0,0,1,1
"798036793891246080",0,0,0,0,0,0,0,0,0,1,1,0,0,0,0,1,0,0,1,1
"875925105892773888",0,0,1,1,0,0,0,0,0,1,0,0,0,0,1,1,1,1,0,0
"233030378",0,0,0,0,0,0,0,0,0,1,1,0,0,0,0,0,0,0,0,1
"2167134798",0,0,0,1,1,1,0,1,0,1,0,0,0,1,1,1,0,0,0,1
"3040340676",0,0,0,0,0,0,1,0,0,0,1,0,0,0,0,1,0,0,1,1
"3079506402",0,0,0,0,1,1,0,0,0,0,1,1,0,0,0,1,0,0,0,0
"141115815",NA,NA,NA,NA,NA,NA,NA,NA,NA,NA,NA,NA,NA,NA,NA,NA,NA,NA,NA,NA
"2148031273",0,0,0,1,1,1,0,1,0,0,0,1,0,0,1,0,0,0,0,1
"3145496389",0,0,0,0,1,1,1,0,0,1,1,0,0,0,1,1,0,0,0,0
"2970511436",0,0,0,0,0,0,0,1,0,1,0,0,0,0,0,0,0,1,0,0
"49543764",0,0,0,0,0,1,1,0,0,1,0,0,0,0,0,1,1,0,0,1
"31622338",1,0,0,0,1,0,0,0,0,1,1,0,0,0,1,1,0,0,0,0
"3180247177",0,0,0,0,1,0,0,0,0,0,0,1,0,0,1,1,0,0,0,0
"812086975763124224",0,0,1,1,1,1,1,1,0,0,0,0,0,0,1,1,0,1,1,1
"1260648566",0,0,0,0,1,0,1,1,0,1,1,0,0,0,0,0,0,0,0,1
"2923391802",0,0,0,1,1,1,1,1,0,1,1,0,0,0,1,1,0,1,0,0
"1200043633",0,0,0,0,0,0,0,0,0,0,0,0,0,0,0,0,0,0,0,0
"3248493157",0,0,0,0,1,0,0,1,0,1,0,0,0,0,1,1,0,0,0,1
"1927853785",0,0,0,0,1,0,0,0,0,1,0,1,0,0,0,1,0,1,0,0
"564101993",0,0,0,0,1,1,1,1,0,1,0,0,0,0,0,0,1,1,1,0
"56257903",0,0,0,0,0,0,1,1,0,1,0,0,0,0,0,1,1,0,0,1
"803376573818826752",0,0,0,0,1,0,0,1,0,1,1,0,0,0,1,1,1,0,1,0
"3222696132",0,0,0,1,1,0,0,1,0,1,0,0,0,0,1,1,0,1,1,1
"805850232860725248",0,0,0,0,1,0,1,0,0,1,0,0,0,0,0,1,0,0,1,0
"524832762",NA,NA,NA,NA,NA,NA,NA,NA,NA,NA,NA,NA,NA,NA,NA,NA,NA,NA,NA,NA
"3017831166",0,0,0,0,1,0,0,1,0,1,0,0,0,0,0,0,0,0,1,0
"123886325",NA,NA,NA,NA,NA,NA,NA,NA,NA,NA,NA,NA,NA,NA,NA,NA,NA,NA,NA,NA
"20078631",0,0,0,0,0,0,0,1,0,0,1,0,0,0,0,1,0,1,0,1
"388535773",0,0,0,0,1,0,0,0,0,1,0,1,0,0,0,1,0,1,0,0
"3137618246",0,0,0,1,1,0,0,1,0,0,1,1,0,0,0,0,0,1,1,1
"2303992020",0,0,0,0,1,0,0,1,0,1,1,0,0,0,1,1,0,1,0,0
"29495098",0,0,0,0,1,0,0,0,0,1,0,0,0,0,0,1,0,0,1,0
"1571456322",0,0,0,1,1,0,0,0,0,1,0,0,0,0,1,1,0,0,1,0
"2984617177",0,0,0,0,0,0,0,0,0,1,0,0,0,0,1,1,0,0,1,0
"36381965",NA,NA,NA,NA,NA,NA,NA,NA,NA,NA,NA,NA,NA,NA,NA,NA,NA,NA,NA,NA
"1484220415",0,0,0,0,0,1,1,0,0,1,0,1,0,0,0,1,0,0,0,1
"26703365",0,0,0,0,0,1,0,1,1,1,0,1,0,0,0,1,0,0,0,0
"195638329",NA,NA,NA,NA,NA,NA,NA,NA,NA,NA,NA,NA,NA,NA,NA,NA,NA,NA,NA,NA
"1689528176",0,0,0,0,0,0,0,0,0,0,0,0,0,0,0,0,0,0,0,0
"111375336",0,0,0,0,0,0,0,1,0,1,1,0,0,0,0,1,0,0,0,1
"21128266",NA,NA,NA,NA,NA,NA,NA,NA,NA,NA,NA,NA,NA,NA,NA,NA,NA,NA,NA,NA
"55685994",1,0,0,0,0,0,0,0,0,1,1,0,0,0,0,1,0,0,0,0
"201148166",0,0,0,0,0,1,1,0,0,0,1,0,0,0,1,1,1,0,1,0
"64295441",0,0,0,0,1,1,1,1,0,1,0,1,0,0,0,0,0,0,0,1
"2964174925",0,0,0,1,1,0,0,1,0,1,1,0,0,0,1,0,0,0,0,0
"396395609",1,0,1,1,1,0,0,1,1,1,0,0,0,0,0,1,0,1,1,0
"63210596",NA,NA,NA,NA,NA,NA,NA,NA,NA,NA,NA,NA,NA,NA,NA,NA,NA,NA,NA,NA
"287024128",0,0,0,0,0,0,0,0,0,0,0,1,0,0,1,1,0,0,1,1
"30815935",NA,NA,NA,NA,NA,NA,NA,NA,NA,NA,NA,NA,NA,NA,NA,NA,NA,NA,NA,NA
"69995700",0,0,0,0,0,0,0,1,1,1,1,0,0,0,0,1,0,0,0,0
"2343386431",0,0,1,1,1,0,1,0,0,1,0,0,0,0,0,0,1,1,0,0
"3162078366",0,0,0,0,0,1,1,0,1,1,0,0,0,0,0,1,1,0,0,1
"3193633412",0,0,0,0,0,1,0,0,0,1,1,0,0,0,0,1,0,0,0,1
"823634468212645888",NA,NA,NA,NA,NA,NA,NA,NA,NA,NA,NA,NA,NA,NA,NA,NA,NA,NA,NA,NA
"2343970081",0,0,0,1,1,1,1,1,0,1,0,0,0,0,0,0,0,0,0,1
"278192411",0,0,0,0,0,0,0,0,0,1,1,0,0,0,1,1,0,0,1,0
"712892347",0,0,1,1,1,0,0,0,0,1,0,1,0,0,1,1,0,1,1,1
"29827990",NA,NA,NA,NA,NA,NA,NA,NA,NA,NA,NA,NA,NA,NA,NA,NA,NA,NA,NA,NA
"1004956382",NA,NA,NA,NA,NA,NA,NA,NA,NA,NA,NA,NA,NA,NA,NA,NA,NA,NA,NA,NA
"3027557970",NA,NA,NA,NA,NA,NA,NA,NA,NA,NA,NA,NA,NA,NA,NA,NA,NA,NA,NA,NA
"1140560719",0,0,0,0,0,1,0,1,0,1,0,0,0,0,0,1,0,0,0,0
"87803865",0,0,0,1,1,0,1,0,0,1,0,1,0,0,0,1,0,1,0,1
"3243703117",0,0,0,0,0,1,1,1,0,1,1,1,0,0,0,1,0,0,0,0
"314083072",NA,NA,NA,NA,NA,NA,NA,NA,NA,NA,NA,NA,NA,NA,NA,NA,NA,NA,NA,NA
"38707559",0,0,0,0,1,0,0,0,1,0,0,0,0,0,0,1,0,0,0,0
"724735882796781568",NA,NA,NA,NA,NA,NA,NA,NA,NA,NA,NA,NA,NA,NA,NA,NA,NA,NA,NA,NA
"246961837",0,0,0,1,1,0,0,1,0,1,1,0,0,0,1,1,0,0,1,0
"171972003",1,0,0,1,1,0,0,1,0,0,0,0,0,0,1,0,0,1,0,0
"321490677",NA,NA,NA,NA,NA,NA,NA,NA,NA,NA,NA,NA,NA,NA,NA,NA,NA,NA,NA,NA
"832419235980644352",0,0,0,0,0,1,1,0,0,1,0,1,0,0,0,1,0,0,0,1
"48882164",0,0,0,0,0,0,0,1,0,1,1,0,0,0,0,0,0,0,1,0
"19842243",0,0,0,0,0,0,0,1,0,1,1,0,0,0,0,1,0,0,0,0
"501122775",0,0,0,0,0,0,0,0,0,1,0,0,0,0,0,1,0,0,0,1
"534466275",0,0,0,0,1,0,0,0,0,1,1,0,0,0,0,1,0,0,0,0
"37946269",0,0,0,0,0,0,0,0,0,0,0,0,0,0,0,0,0,0,0,0
"1528174530",0,0,0,0,0,0,0,1,0,1,0,0,0,0,0,1,0,0,0,0
"22732600",0,0,0,0,0,0,0,0,0,1,1,0,0,0,0,0,0,0,0,0
"1280972058",NA,NA,NA,NA,NA,NA,NA,NA,NA,NA,NA,NA,NA,NA,NA,NA,NA,NA,NA,NA
"95090394",NA,NA,NA,NA,NA,NA,NA,NA,NA,NA,NA,NA,NA,NA,NA,NA,NA,NA,NA,NA
"890254341877243904",NA,NA,NA,NA,NA,NA,NA,NA,NA,NA,NA,NA,NA,NA,NA,NA,NA,NA,NA,NA
"32820923",0,0,0,0,0,0,0,0,0,1,0,0,0,0,0,1,0,0,0,0
"347303644",NA,NA,NA,NA,NA,NA,NA,NA,NA,NA,NA,NA,NA,NA,NA,NA,NA,NA,NA,NA
"937390374",1,0,0,0,0,0,0,0,0,1,0,0,0,0,0,1,1,0,0,0
"2991305795",0,0,0,0,0,0,0,0,0,0,1,0,0,0,1,0,0,0,0,0
"4175030561",0,0,0,0,1,0,0,0,0,1,1,0,0,0,0,0,0,1,0,0
"1954349336",NA,NA,NA,NA,NA,NA,NA,NA,NA,NA,NA,NA,NA,NA,NA,NA,NA,NA,NA,NA
"19799116",0,0,0,0,0,1,0,1,0,1,0,0,0,0,0,1,0,1,0,0
"895362820065247232",0,0,0,0,0,0,0,1,0,0,1,0,0,0,0,0,0,0,1,0
"3280852428",0,1,0,0,0,0,0,0,0,1,0,0,0,0,0,1,0,0,1,1
"2240083368",NA,NA,NA,NA,NA,NA,NA,NA,NA,NA,NA,NA,NA,NA,NA,NA,NA,NA,NA,NA
"4898923209",1,0,0,0,0,0,0,1,0,0,0,0,0,0,0,0,1,0,1,0
"47137805",0,0,0,0,0,0,0,0,0,1,0,0,0,0,0,1,0,0,0,0
"510301488",0,0,0,0,0,0,0,1,0,1,0,0,0,0,0,1,0,0,0,0
"18641684",NA,NA,NA,NA,NA,NA,NA,NA,NA,NA,NA,NA,NA,NA,NA,NA,NA,NA,NA,NA
"21562819",0,0,0,0,0,0,0,0,0,1,1,0,0,0,0,1,0,0,0,0
"179660048",0,0,0,0,0,0,0,0,0,1,0,0,0,0,1,1,0,1,0,0
"612777130",0,0,0,0,0,0,0,1,0,1,0,0,0,0,0,1,0,1,0,0
"1636888243",0,0,0,0,1,0,0,0,0,1,1,0,0,0,0,0,0,0,0,0
"795292319486541824",0,0,0,0,1,0,0,0,0,1,1,0,0,0,0,0,0,0,0,0
"147696336",0,0,0,0,0,0,0,0,0,0,0,0,0,0,0,0,0,0,0,0
"579374996",0,0,0,0,1,0,0,1,0,0,0,0,0,0,0,0,0,0,0,1
"42132105",0,0,0,0,0,0,0,0,0,0,0,0,0,0,0,0,0,0,0,0
"2204057298",NA,NA,NA,NA,NA,NA,NA,NA,NA,NA,NA,NA,NA,NA,NA,NA,NA,NA,NA,NA
"109659492",0,0,0,0,1,0,0,0,0,1,1,0,0,0,0,0,0,0,0,1
"799776908309307392",0,0,0,0,0,0,0,0,0,1,0,0,0,0,0,1,0,0,1,0
"571978114",0,0,0,0,0,0,0,1,0,1,0,0,0,0,0,1,0,0,0,0
"3089919155",0,0,0,0,0,0,0,0,0,1,1,0,0,0,0,0,0,1,1,0
"85396078",NA,NA,NA,NA,NA,NA,NA,NA,NA,NA,NA,NA,NA,NA,NA,NA,NA,NA,NA,NA
"301613566",0,0,0,0,0,0,0,0,0,1,1,0,0,0,1,0,0,1,0,0
"16874913",NA,NA,NA,NA,NA,NA,NA,NA,NA,NA,NA,NA,NA,NA,NA,NA,NA,NA,NA,NA
"49201288",0,1,0,0,0,0,0,0,0,1,0,0,0,0,0,1,0,0,0,0
"32313637",0,0,0,0,1,0,0,0,0,1,1,0,0,0,0,0,0,0,0,0
"163079471",0,0,0,0,1,0,0,1,0,1,0,0,0,0,0,0,0,0,0,1
"1932549590",0,0,0,0,0,0,0,1,0,1,1,0,0,0,1,0,0,0,0,0
"2587760664",1,0,0,0,1,0,0,1,0,0,0,0,0,0,0,0,1,0,0,1
"3030814395",0,0,0,0,1,0,0,1,0,1,1,0,0,0,0,0,0,0,0,0
"69612040",0,0,0,0,0,1,0,0,0,1,1,0,0,0,0,0,0,0,0,0
"790361671",0,0,0,0,0,0,0,0,0,1,1,0,0,0,0,0,0,0,0,0
"310015608",1,0,0,0,0,0,1,0,0,1,0,0,0,0,0,0,1,0,0,0
"21923741",NA,NA,NA,NA,NA,NA,NA,NA,NA,NA,NA,NA,NA,NA,NA,NA,NA,NA,NA,NA
"946446376044564480",1,0,0,0,0,0,0,0,0,0,1,0,0,0,0,0,1,0,0,0
"605615715",NA,NA,NA,NA,NA,NA,NA,NA,NA,NA,NA,NA,NA,NA,NA,NA,NA,NA,NA,NA
"98504078",0,0,0,0,0,0,0,0,0,1,0,0,0,0,0,1,0,0,0,1
"2916967490",0,1,0,0,0,0,0,0,0,0,1,0,0,0,0,1,0,0,0,0
"262829285",NA,NA,NA,NA,NA,NA,NA,NA,NA,NA,NA,NA,NA,NA,NA,NA,NA,NA,NA,NA
"260824224",0,0,0,0,1,0,0,0,0,1,1,0,0,0,0,0,0,0,1,0
"43588117",NA,NA,NA,NA,NA,NA,NA,NA,NA,NA,NA,NA,NA,NA,NA,NA,NA,NA,NA,NA
"107172480",0,0,0,0,1,0,0,0,0,1,1,0,0,0,0,1,0,0,0,0
"46096487",0,0,0,0,0,0,0,0,0,1,0,0,0,0,0,1,0,0,0,0
"357242814",NA,NA,NA,NA,NA,NA,NA,NA,NA,NA,NA,NA,NA,NA,NA,NA,NA,NA,NA,NA
"74726511",NA,NA,NA,NA,NA,NA,NA,NA,NA,NA,NA,NA,NA,NA,NA,NA,NA,NA,NA,NA
"453572185",NA,NA,NA,NA,NA,NA,NA,NA,NA,NA,NA,NA,NA,NA,NA,NA,NA,NA,NA,NA
"545955539",NA,NA,NA,NA,NA,NA,NA,NA,NA,NA,NA,NA,NA,NA,NA,NA,NA,NA,NA,NA
"489769183",NA,NA,NA,NA,NA,NA,NA,NA,NA,NA,NA,NA,NA,NA,NA,NA,NA,NA,NA,NA
"53319100",0,0,0,0,1,0,0,1,0,0,0,0,0,0,0,0,0,0,1,0
"40088751",NA,NA,NA,NA,NA,NA,NA,NA,NA,NA,NA,NA,NA,NA,NA,NA,NA,NA,NA,NA
"40045792",0,1,0,0,0,0,0,1,0,0,0,0,0,0,0,1,0,0,0,0
"817493888378241024",0,0,0,0,0,0,0,0,0,1,1,0,0,0,0,1,0,1,0,0
"56754670",0,0,0,0,0,0,0,1,0,1,1,0,0,0,0,1,0,0,0,0
"403581958",0,0,0,0,0,0,0,0,0,1,0,0,0,0,0,1,0,0,0,0
"573937204",0,0,0,0,0,0,0,1,0,1,1,0,0,0,0,1,0,0,0,0
"125802576",NA,NA,NA,NA,NA,NA,NA,NA,NA,NA,NA,NA,NA,NA,NA,NA,NA,NA,NA,NA
"57837687",0,0,0,0,1,0,0,1,0,0,0,0,0,0,0,1,0,0,0,0
"96015533",0,0,0,0,1,0,0,1,0,1,0,0,0,0,0,1,0,0,0,0
"2997394118",NA,NA,NA,NA,NA,NA,NA,NA,NA,NA,NA,NA,NA,NA,NA,NA,NA,NA,NA,NA
"363143296",NA,NA,NA,NA,NA,NA,NA,NA,NA,NA,NA,NA,NA,NA,NA,NA,NA,NA,NA,NA
"1004834346",NA,NA,NA,NA,NA,NA,NA,NA,NA,NA,NA,NA,NA,NA,NA,NA,NA,NA,NA,NA
"2930785493",0,0,0,0,0,0,0,1,0,0,0,0,0,0,0,1,0,0,0,1
"394733869",0,0,0,0,0,1,0,1,0,1,0,0,0,0,1,1,0,0,0,0
"385168483",NA,NA,NA,NA,NA,NA,NA,NA,NA,NA,NA,NA,NA,NA,NA,NA,NA,NA,NA,NA
"36632865",0,0,0,0,0,0,0,0,0,0,1,0,0,0,1,0,0,0,1,0
"95527761",1,0,0,0,1,0,1,0,0,1,1,0,0,0,0,0,1,0,0,0
"269021020",0,0,0,0,0,0,0,0,0,0,1,0,0,0,0,1,0,0,0,0
"825008323548295168",0,0,0,0,1,0,0,0,0,0,0,0,0,0,0,1,0,0,0,0
"96063952",NA,NA,NA,NA,NA,NA,NA,NA,NA,NA,NA,NA,NA,NA,NA,NA,NA,NA,NA,NA
"1641092479",0,0,0,0,0,0,0,0,0,1,0,0,0,0,0,0,0,0,0,1
"743156834266124288",1,0,0,0,0,0,0,1,0,1,0,0,0,0,0,1,1,0,0,0
"730899167740989440",NA,NA,NA,NA,NA,NA,NA,NA,NA,NA,NA,NA,NA,NA,NA,NA,NA,NA,NA,NA
"15388042",0,0,0,0,0,0,0,1,0,1,0,0,0,0,0,1,0,0,1,0
"351156704",0,0,0,1,0,0,0,0,0,1,0,0,0,0,0,1,0,1,0,1
"348483866",0,1,0,0,0,0,0,1,0,0,0,0,0,0,0,1,0,1,0,0
"106237226",0,0,0,0,1,0,0,1,0,0,1,0,0,0,0,1,0,0,0,0
"416522296",1,0,0,0,0,0,1,1,0,1,0,0,0,0,0,0,0,0,0,0
"54041504",NA,NA,NA,NA,NA,NA,NA,NA,NA,NA,NA,NA,NA,NA,NA,NA,NA,NA,NA,NA
"563908225",0,0,0,1,0,0,0,1,0,1,0,0,0,0,0,0,0,0,1,1
"87464481",1,0,0,0,0,0,1,0,0,1,1,0,0,0,0,0,1,0,1,0
"74282530",NA,NA,NA,NA,NA,NA,NA,NA,NA,NA,NA,NA,NA,NA,NA,NA,NA,NA,NA,NA
"92161578",0,1,0,0,0,0,0,1,0,1,1,0,0,0,0,1,0,0,0,0
"3517832435",1,1,0,0,0,0,0,1,0,1,0,0,0,0,0,1,0,0,1,0
"3434470527",0,0,0,0,0,0,0,0,0,0,0,0,0,0,0,0,0,0,0,0
"44457848",0,0,0,0,0,0,0,0,0,0,0,0,0,0,0,0,0,0,0,0
"15745521",0,0,0,0,1,0,0,1,0,1,0,0,0,0,0,1,0,0,0,0
"21924842",NA,NA,NA,NA,NA,NA,NA,NA,NA,NA,NA,NA,NA,NA,NA,NA,NA,NA,NA,NA
"148305299",0,1,0,1,0,0,0,1,0,1,0,0,0,0,0,1,0,1,0,1
"38778628",NA,NA,NA,NA,NA,NA,NA,NA,NA,NA,NA,NA,NA,NA,NA,NA,NA,NA,NA,NA
"144683096",NA,NA,NA,NA,NA,NA,NA,NA,NA,NA,NA,NA,NA,NA,NA,NA,NA,NA,NA,NA
"41637247",0,0,0,0,0,0,0,0,0,1,0,0,0,0,0,1,0,1,0,0
"362234832",0,0,0,0,0,0,0,0,0,1,1,0,0,0,0,1,0,1,0,0
"93695769",1,0,0,0,0,0,0,0,0,1,1,0,0,0,0,1,0,0,1,0
"808691087317602304",0,0,0,1,0,0,0,1,0,1,0,0,0,0,0,1,0,0,0,1
"26044411",0,0,0,0,0,0,0,0,0,1,0,0,0,0,0,1,0,1,0,0
"388404837",NA,NA,NA,NA,NA,NA,NA,NA,NA,NA,NA,NA,NA,NA,NA,NA,NA,NA,NA,NA
"991691942",1,0,0,0,0,0,1,0,0,1,0,0,0,0,0,1,0,0,0,0
"372267905",NA,NA,NA,NA,NA,NA,NA,NA,NA,NA,NA,NA,NA,NA,NA,NA,NA,NA,NA,NA
"95357369",0,0,0,0,1,0,0,0,0,1,0,0,0,0,0,1,0,0,0,0
"24317646",1,0,0,0,0,0,1,0,0,1,1,0,0,0,0,0,0,0,1,0
"134975165",0,1,0,1,0,0,0,1,0,0,0,0,0,0,0,1,0,0,0,1
"21545986",NA,NA,NA,NA,NA,NA,NA,NA,NA,NA,NA,NA,NA,NA,NA,NA,NA,NA,NA,NA
"1242362706",0,0,0,0,0,0,0,0,0,1,0,0,0,0,0,1,0,1,0,0
"520003558",1,0,0,1,0,0,1,1,0,1,0,0,0,0,0,1,0,1,0,1
"326819985",0,1,0,1,1,0,0,1,0,1,0,0,0,0,0,1,0,0,0,1
"199295640",0,0,0,0,1,0,0,0,0,1,0,0,0,0,0,1,0,0,0,0
"925314427",0,0,0,0,0,0,0,0,0,1,0,0,0,0,0,0,0,0,0,0
"2888281061",0,0,0,0,1,1,1,0,0,1,0,0,0,0,0,1,0,0,0,0
"78700879",0,0,0,0,1,0,0,0,0,1,1,0,0,0,0,1,0,0,0,0
"53844728",0,0,0,0,1,0,0,1,0,1,1,0,0,0,1,0,0,0,0,0
"3615142342",0,0,0,0,0,1,1,1,0,0,0,0,0,0,1,1,0,0,0,0
"834135676685795328",0,0,0,0,1,1,1,0,0,1,1,0,0,0,0,0,0,0,1,0
"283741184",0,0,0,0,0,0,0,0,0,1,1,0,0,0,0,0,0,0,1,0
"339751234",0,0,0,0,0,0,0,1,0,1,0,0,0,0,1,1,0,0,1,0
"1411055742",NA,NA,NA,NA,NA,NA,NA,NA,NA,NA,NA,NA,NA,NA,NA,NA,NA,NA,NA,NA
"2350611853",0,0,0,0,0,0,1,0,0,1,1,0,0,0,0,0,0,0,0,0
"86862200",0,0,0,0,0,1,1,0,0,1,0,0,0,0,0,0,0,0,0,0
"21534627",NA,NA,NA,NA,NA,NA,NA,NA,NA,NA,NA,NA,NA,NA,NA,NA,NA,NA,NA,NA
"22152467",0,0,0,0,1,1,1,1,1,1,1,0,0,1,0,1,0,0,0,0
"361458320",NA,NA,NA,NA,NA,NA,NA,NA,NA,NA,NA,NA,NA,NA,NA,NA,NA,NA,NA,NA
"14801813",0,0,0,0,0,0,0,1,0,1,1,0,0,0,0,1,0,0,1,0
"1173174325",0,0,0,0,1,0,0,0,0,1,1,0,0,0,0,0,0,0,0,0
"43816587",NA,NA,NA,NA,NA,NA,NA,NA,NA,NA,NA,NA,NA,NA,NA,NA,NA,NA,NA,NA
"1558675952",0,0,0,0,0,0,0,1,0,1,1,0,0,0,0,0,0,0,0,0
"875396963147145216",0,0,0,0,0,0,0,0,0,1,0,0,0,0,0,0,0,0,0,1
"185270935",0,0,0,0,0,1,1,1,1,1,0,0,0,1,0,1,0,0,0,0
"1020813960",0,0,0,0,0,0,0,1,0,1,0,0,0,0,1,0,0,0,0,1
"153311543",0,1,0,0,0,0,0,0,0,1,0,0,0,0,0,1,0,1,0,0
"3517268839",0,0,0,0,0,1,1,1,0,1,0,0,0,0,1,0,0,0,0,0
"3018028247",0,0,0,0,0,0,0,1,0,1,0,0,0,0,0,1,0,0,0,1
"60018602",NA,NA,NA,NA,NA,NA,NA,NA,NA,NA,NA,NA,NA,NA,NA,NA,NA,NA,NA,NA
"289411623",0,0,0,1,0,0,0,0,0,0,1,0,0,0,0,1,0,0,0,0
"812023853664927744",0,0,0,0,0,0,0,1,0,1,0,0,0,0,1,0,0,0,0,0
"889592425",0,0,0,0,0,0,0,1,0,1,0,0,0,0,1,0,0,0,0,0
"481734931",NA,NA,NA,NA,NA,NA,NA,NA,NA,NA,NA,NA,NA,NA,NA,NA,NA,NA,NA,NA
"2838584161",0,0,0,0,1,0,0,0,0,1,1,0,0,0,0,0,0,0,0,0
"817124336607825920",NA,NA,NA,NA,NA,NA,NA,NA,NA,NA,NA,NA,NA,NA,NA,NA,NA,NA,NA,NA
"23550815",0,0,0,0,0,1,1,1,0,1,0,0,0,0,1,0,0,0,0,0
"43742675",NA,NA,NA,NA,NA,NA,NA,NA,NA,NA,NA,NA,NA,NA,NA,NA,NA,NA,NA,NA
"911707254952529920",0,0,0,0,0,0,0,1,0,1,1,0,0,0,0,0,0,0,0,0
"352688587",NA,NA,NA,NA,NA,NA,NA,NA,NA,NA,NA,NA,NA,NA,NA,NA,NA,NA,NA,NA
"3260379282",NA,NA,NA,NA,NA,NA,NA,NA,NA,NA,NA,NA,NA,NA,NA,NA,NA,NA,NA,NA
"315085685",1,0,0,1,0,1,1,0,0,1,0,0,0,0,0,1,0,0,0,0
"310414470",0,0,0,0,1,0,0,1,0,1,0,0,0,0,1,1,0,0,0,0
"376257654",0,0,0,0,0,0,0,1,0,1,0,0,0,0,0,0,0,0,0,1
"706608612647505920",0,0,0,0,1,0,0,1,0,1,0,0,0,0,1,0,0,0,1,0
"27973899",NA,NA,NA,NA,NA,NA,NA,NA,NA,NA,NA,NA,NA,NA,NA,NA,NA,NA,NA,NA
"1947307322",NA,NA,NA,NA,NA,NA,NA,NA,NA,NA,NA,NA,NA,NA,NA,NA,NA,NA,NA,NA
"29243936",0,0,0,0,0,0,0,1,0,1,0,0,0,0,1,0,0,0,0,0
"258350780",0,0,0,0,0,0,0,1,0,1,0,0,0,0,1,1,0,0,0,1
"179822324",0,0,0,0,1,0,0,1,0,1,0,0,0,0,0,0,0,0,0,0
"1102924608",0,0,0,0,1,0,0,1,0,1,0,0,0,0,0,0,0,0,0,0
"3947629224",0,0,0,1,1,0,0,1,0,0,0,0,0,0,0,1,0,0,0,1
"310371900",0,0,0,0,0,0,0,1,0,1,1,0,0,0,0,0,0,0,0,1
"162926936",0,0,0,0,0,1,1,0,0,1,0,0,0,0,0,1,0,0,0,1
"4158461001",NA,NA,NA,NA,NA,NA,NA,NA,NA,NA,NA,NA,NA,NA,NA,NA,NA,NA,NA,NA
"1390011588",0,0,0,0,0,0,0,0,0,1,0,0,0,0,0,0,0,0,1,0
"4830736600",0,0,0,0,1,0,0,0,0,1,0,0,0,0,0,1,0,0,0,1
"28945952",0,0,0,0,1,0,0,1,0,1,0,0,0,0,0,0,0,0,0,0
"250906025",NA,NA,NA,NA,NA,NA,NA,NA,NA,NA,NA,NA,NA,NA,NA,NA,NA,NA,NA,NA
"19728788",NA,NA,NA,NA,NA,NA,NA,NA,NA,NA,NA,NA,NA,NA,NA,NA,NA,NA,NA,NA
"108195729",0,0,0,0,0,0,0,1,0,1,0,0,0,0,0,0,0,0,1,0
"3064982339",0,0,0,0,0,1,1,0,0,1,0,0,0,0,0,1,0,0,0,1
"7294262",0,0,0,0,0,0,0,0,0,1,1,0,0,0,0,1,0,0,0,0
"86362637",0,0,0,0,0,0,0,1,1,0,0,0,0,1,0,0,0,0,1,1
"462255460",0,0,0,0,1,0,0,1,1,1,0,0,0,1,0,0,0,0,0,0
"384059042",0,0,0,0,1,0,0,0,0,1,0,0,0,0,0,0,0,0,0,1
"58502514",0,0,0,0,0,0,0,1,1,1,1,0,0,1,0,0,0,0,0,0
"52795323",0,0,0,0,1,1,0,0,0,1,0,0,0,0,0,0,0,0,1,1
"239211082",NA,NA,NA,NA,NA,NA,NA,NA,NA,NA,NA,NA,NA,NA,NA,NA,NA,NA,NA,NA
"3034786119",0,0,0,1,0,0,0,1,0,0,0,0,0,0,0,0,0,1,0,0
"1219687412",0,0,0,0,0,0,0,1,0,0,0,0,0,0,0,0,0,0,0,1
"1921759320",1,0,0,0,1,1,0,0,0,1,0,0,0,0,0,0,0,0,0,0
"403790600",0,0,0,1,0,1,0,1,0,1,0,0,0,0,0,1,0,0,1,0
"2492081850",0,0,0,0,1,0,0,0,0,1,0,0,0,0,0,0,0,0,0,0
"3040004478",0,0,0,1,1,1,0,1,0,1,0,0,0,0,0,0,0,0,0,1
"3428374324",0,0,0,1,0,1,0,1,0,1,0,0,0,0,1,0,0,0,1,1
"35772413",NA,NA,NA,NA,NA,NA,NA,NA,NA,NA,NA,NA,NA,NA,NA,NA,NA,NA,NA,NA
"18640054",0,0,0,0,1,0,0,0,0,1,1,0,0,0,1,0,0,1,0,0
"882265155505070080",NA,NA,NA,NA,NA,NA,NA,NA,NA,NA,NA,NA,NA,NA,NA,NA,NA,NA,NA,NA
"3873993539",0,0,0,1,1,0,0,1,0,1,1,0,0,0,0,0,0,0,0,0
"486618615",1,0,0,0,0,0,1,0,0,1,1,0,0,0,0,0,0,0,0,1
"1179463472",0,0,0,0,0,1,0,0,0,1,1,0,0,0,0,0,0,0,0,0
"1167567817",0,0,0,0,1,0,1,0,0,1,0,0,0,0,0,0,0,0,0,1
"2395000742",NA,NA,NA,NA,NA,NA,NA,NA,NA,NA,NA,NA,NA,NA,NA,NA,NA,NA,NA,NA
"790845806",0,0,0,0,0,0,1,0,0,0,1,0,0,0,0,0,0,0,0,0
"3892369217",0,0,0,0,1,0,0,0,0,0,0,0,0,0,1,0,0,0,0,1
"227071659",0,0,0,0,1,1,0,0,0,1,0,0,0,0,0,0,0,0,0,0
"1339508377",0,0,0,0,0,1,0,1,0,1,0,0,0,0,1,1,0,0,0,0
"1198534746",0,0,0,0,1,1,0,0,0,1,0,0,0,0,0,0,0,0,0,0
"63322786",0,0,0,0,0,0,0,1,0,1,1,0,0,0,0,1,0,0,0,1
"3353710127",1,0,0,1,0,0,0,1,0,1,0,0,0,0,1,0,0,1,0,0
"2375912966",0,0,0,0,1,0,1,0,0,1,0,0,0,0,0,0,0,0,1,1
"27677194",NA,NA,NA,NA,NA,NA,NA,NA,NA,NA,NA,NA,NA,NA,NA,NA,NA,NA,NA,NA
"964981015",1,0,0,0,1,0,0,0,0,1,0,0,0,0,1,0,0,0,0,0
"1149428935",0,0,0,1,1,0,0,1,0,0,0,0,0,0,1,0,0,0,0,1
"1299858974",1,0,0,0,1,1,0,0,0,1,1,0,0,0,0,1,0,0,1,0
"423775723",NA,NA,NA,NA,NA,NA,NA,NA,NA,NA,NA,NA,NA,NA,NA,NA,NA,NA,NA,NA
"105315274",1,0,0,0,1,0,0,0,0,1,0,0,0,0,1,1,0,0,0,0
"213053844",0,0,0,0,1,1,0,0,0,1,0,0,0,0,1,1,0,0,0,0
"53575971",NA,NA,NA,NA,NA,NA,NA,NA,NA,NA,NA,NA,NA,NA,NA,NA,NA,NA,NA,NA
"716245291016388608",1,1,0,0,0,1,0,1,0,1,0,0,0,0,0,1,0,0,1,1
"3035360878",NA,NA,NA,NA,NA,NA,NA,NA,NA,NA,NA,NA,NA,NA,NA,NA,NA,NA,NA,NA
"7912512",NA,NA,NA,NA,NA,NA,NA,NA,NA,NA,NA,NA,NA,NA,NA,NA,NA,NA,NA,NA
"569026093",0,0,0,0,0,0,0,1,0,1,1,0,0,0,0,0,0,0,0,0
"118198589",0,0,0,0,0,0,0,0,0,1,0,0,0,0,0,1,0,0,0,0
"475380513",0,0,0,0,1,0,0,0,0,1,0,0,0,0,0,0,0,0,0,0
"4706093354",0,0,0,0,0,0,0,0,0,0,1,1,0,0,1,0,0,0,0,0
"114002089",0,0,0,0,0,0,0,0,0,0,0,0,0,0,0,0,0,0,0,0
"1581640994",0,0,0,0,0,0,0,0,0,1,0,0,0,0,0,1,0,1,1,0
"479093108",1,0,0,0,0,0,1,0,0,0,0,0,0,0,0,0,1,0,0,0
"1503671287",0,0,1,0,0,0,0,0,0,1,0,1,0,0,0,1,0,0,0,0
"766281522773168128",0,0,0,0,0,0,0,0,0,0,0,0,0,0,0,0,0,0,0,0
"377507523",0,0,0,1,0,0,0,0,0,1,0,0,0,0,0,1,0,1,0,0
"2556689982",0,0,0,0,0,0,0,0,0,0,0,0,0,0,0,0,0,0,0,0
"1191181046",0,0,0,0,0,0,0,1,0,0,0,0,0,0,0,0,0,0,0,0
"361424940",NA,NA,NA,NA,NA,NA,NA,NA,NA,NA,NA,NA,NA,NA,NA,NA,NA,NA,NA,NA
"56548172",0,0,0,0,0,0,1,0,0,1,1,0,0,0,0,0,0,0,0,0
"114258394",0,0,0,0,0,0,0,0,1,0,0,0,0,0,0,0,0,0,0,1
"781544882829660160",0,0,0,1,0,0,0,0,0,0,0,0,0,0,0,1,0,1,0,0
"51907580",0,0,0,1,0,0,0,0,0,1,1,1,0,0,0,1,0,1,0,0
"241257413",0,0,0,0,0,0,0,0,0,1,0,0,0,0,0,1,0,0,0,0
"3252280601",0,0,0,0,0,0,0,0,0,1,0,0,0,0,0,0,0,0,0,0
"201429349",NA,NA,NA,NA,NA,NA,NA,NA,NA,NA,NA,NA,NA,NA,NA,NA,NA,NA,NA,NA
"2724615260",1,0,0,0,1,0,1,0,0,1,0,0,0,0,0,0,1,0,0,0
"2520205035",0,0,0,0,0,0,0,0,0,1,0,0,0,0,0,0,0,0,0,0
"779475418231496704",NA,NA,NA,NA,NA,NA,NA,NA,NA,NA,NA,NA,NA,NA,NA,NA,NA,NA,NA,NA
"59785919",0,0,0,0,0,1,0,1,0,0,1,0,0,0,0,0,0,0,0,0
"3313812382",0,0,0,0,0,0,0,0,0,1,0,0,0,0,0,0,0,0,1,0
"21142386",0,0,0,0,0,0,0,0,1,0,0,0,0,0,0,0,0,0,0,0
"2363356243",0,0,1,0,1,0,0,0,0,0,0,0,0,0,0,1,0,0,0,1
"2463665965",NA,NA,NA,NA,NA,NA,NA,NA,NA,NA,NA,NA,NA,NA,NA,NA,NA,NA,NA,NA
"550591330",0,0,0,0,0,0,0,0,0,1,1,0,0,0,1,1,0,0,0,0
"158814186",0,0,0,0,1,0,0,0,1,1,0,0,0,0,0,0,0,1,0,0
"873499573",0,0,0,0,0,0,0,0,0,1,0,0,0,0,0,0,0,1,0,0
"265642432",0,0,0,1,0,0,0,1,1,1,1,0,0,0,0,0,0,1,0,0
"316515450",0,0,0,0,0,0,0,0,0,0,0,0,0,0,0,1,0,0,0,0
"2699864529",0,0,0,1,0,0,0,0,0,1,1,0,0,0,0,0,0,1,0,0
"222921169",0,0,0,0,1,0,0,0,0,1,0,0,0,0,0,1,0,0,0,0
"1506015248",NA,NA,NA,NA,NA,NA,NA,NA,NA,NA,NA,NA,NA,NA,NA,NA,NA,NA,NA,NA
"2287082899",1,0,0,0,0,0,1,0,0,1,0,0,0,0,0,0,1,0,1,0
"367740644",0,0,0,0,0,1,0,0,0,1,1,0,0,0,0,0,0,0,0,0
"272053931",0,0,0,0,0,0,0,1,0,1,1,1,0,0,0,0,0,0,0,0
"37412624",1,0,0,0,0,0,1,0,0,1,0,0,0,0,0,1,1,0,0,0
"1213974913",NA,NA,NA,NA,NA,NA,NA,NA,NA,NA,NA,NA,NA,NA,NA,NA,NA,NA,NA,NA
"459480818",0,0,0,0,0,0,0,0,0,1,0,0,0,0,0,0,0,0,0,0
"570247683",0,0,0,0,0,0,0,0,0,0,0,0,0,0,0,0,0,0,0,0
"69108417",0,0,0,0,0,0,0,0,0,0,0,0,0,0,0,0,0,0,0,0
"440959743",0,0,0,0,1,0,1,1,0,1,0,0,0,0,0,0,0,1,0,0
"4834380478",0,0,0,0,0,0,0,0,0,1,1,0,0,0,0,0,0,0,0,0
"28401770",NA,NA,NA,NA,NA,NA,NA,NA,NA,NA,NA,NA,NA,NA,NA,NA,NA,NA,NA,NA
"25565673",0,0,0,0,0,0,0,1,0,0,1,0,0,0,0,0,0,0,0,0
"2721891557",0,0,0,0,0,0,0,0,0,0,0,0,0,0,0,1,0,0,0,0
"376479711",0,0,0,0,0,0,0,0,0,1,1,0,0,0,0,0,0,0,0,1
"1086977744",NA,NA,NA,NA,NA,NA,NA,NA,NA,NA,NA,NA,NA,NA,NA,NA,NA,NA,NA,NA
"2906574983",0,0,0,0,0,0,0,0,0,0,0,0,0,0,0,0,0,0,0,0
"105336659",0,0,0,0,0,0,0,0,0,0,0,0,0,0,0,0,0,0,0,0
"1002378368",0,0,0,1,0,0,0,0,0,1,0,0,0,0,0,0,0,1,0,0
"113365668",0,0,0,0,0,0,0,0,0,1,0,0,0,0,0,1,0,1,0,0
"66120349",0,0,0,0,0,0,0,0,0,0,1,0,0,0,0,0,0,0,0,0
"70591921",0,0,0,1,0,0,0,0,0,1,0,0,0,0,0,1,0,1,0,0
"380468726",0,0,1,0,0,0,0,1,0,1,0,0,0,0,1,1,0,0,0,0
"368945781",0,0,0,0,0,0,0,0,0,0,0,0,0,0,1,0,0,0,0,0
"2512863602",0,0,0,0,0,0,0,0,0,0,0,0,0,0,0,1,0,0,0,0
"712289636668858368",0,0,0,0,1,0,0,0,0,0,0,0,0,0,0,0,0,0,0,0
"140651307",0,0,0,0,0,0,0,0,0,0,0,0,0,0,0,0,0,0,1,0
"111112682",0,0,0,0,0,0,0,0,0,1,0,0,0,0,0,1,0,0,0,0
"2387267396",0,0,0,0,0,0,0,1,0,1,1,0,0,0,1,1,0,0,0,0
"611168182",0,0,0,0,0,0,0,1,0,1,0,0,0,0,0,0,0,0,0,0
"2148056580",0,0,0,0,0,1,1,0,0,0,0,0,0,0,0,0,0,0,0,0
"2815442971",0,0,0,0,1,0,0,0,0,0,0,0,0,0,0,1,0,0,0,0
"1180523408",0,0,1,0,0,0,0,1,0,0,0,0,0,0,0,1,0,0,1,0
"114944050",0,0,0,0,0,0,0,0,0,1,0,0,0,0,0,0,0,0,0,0
"2584859760",NA,NA,NA,NA,NA,NA,NA,NA,NA,NA,NA,NA,NA,NA,NA,NA,NA,NA,NA,NA
"17091701",0,0,0,0,1,0,0,0,0,1,0,0,0,0,0,0,0,0,0,0
"3434426878",0,0,0,0,0,0,0,0,0,1,0,0,0,0,0,0,0,0,0,0
"931496431",0,0,0,0,0,0,0,0,0,0,0,0,0,0,0,0,0,0,0,0
"402096310",0,0,0,0,0,0,0,0,0,0,0,0,0,0,0,1,0,0,0,0
"2792686327",0,0,0,0,0,0,0,0,0,0,0,0,0,0,0,0,0,0,0,0
"723599467081920512",0,0,0,0,0,0,0,1,0,0,1,0,0,0,0,1,0,0,0,0
"2638437510",0,0,0,0,0,0,0,0,0,1,0,1,0,0,0,0,0,0,1,1
"110573669",NA,NA,NA,NA,NA,NA,NA,NA,NA,NA,NA,NA,NA,NA,NA,NA,NA,NA,NA,NA
"4376401653",0,0,0,0,0,1,0,0,0,1,0,0,0,0,0,0,0,1,1,0
"20644994",0,0,0,0,1,1,0,0,0,1,0,0,0,0,0,0,0,0,0,0
"477766054",0,0,0,0,0,0,0,1,0,1,1,0,0,0,0,0,0,0,0,0
"2358888290",1,0,0,0,0,0,1,1,0,0,1,0,0,0,0,0,1,0,1,0
"160246973",0,0,0,0,0,0,0,0,0,1,0,0,0,0,0,0,0,0,0,0
"2905955679",0,0,0,0,0,0,0,0,0,0,0,0,0,0,0,0,0,0,0,1
"399087948",NA,NA,NA,NA,NA,NA,NA,NA,NA,NA,NA,NA,NA,NA,NA,NA,NA,NA,NA,NA
"62916738",NA,NA,NA,NA,NA,NA,NA,NA,NA,NA,NA,NA,NA,NA,NA,NA,NA,NA,NA,NA
"2219864951",NA,NA,NA,NA,NA,NA,NA,NA,NA,NA,NA,NA,NA,NA,NA,NA,NA,NA,NA,NA
"2287063470",0,0,0,0,0,0,0,0,0,0,1,0,0,0,0,0,0,0,0,1
"23546469",1,0,0,0,1,0,1,1,0,1,0,0,0,0,0,1,1,0,1,0
"410121512",0,0,0,0,0,0,0,0,0,1,0,0,0,0,1,0,0,0,0,0
"119590900",0,0,0,0,0,0,0,0,0,1,0,0,0,0,0,1,0,0,0,0
"178424568",NA,NA,NA,NA,NA,NA,NA,NA,NA,NA,NA,NA,NA,NA,NA,NA,NA,NA,NA,NA
"712977818",0,0,0,0,0,0,0,0,0,0,0,1,0,0,0,0,0,0,0,0
"2328050107",0,0,0,0,0,0,0,0,1,1,1,0,0,0,0,0,0,0,1,0
"2389606585",0,0,0,0,0,0,0,0,0,0,0,0,0,0,0,0,0,0,0,0
"2284321554",0,0,0,0,0,0,0,0,0,1,0,0,0,0,0,0,0,0,0,0
"129350395",0,0,0,0,0,0,0,0,0,1,0,0,0,0,0,1,0,0,0,0
"1911138865",0,0,0,0,0,0,0,0,0,1,0,0,0,0,0,0,0,0,0,1
"2339138480",0,0,1,0,0,0,1,0,0,1,0,0,0,0,0,1,0,0,1,0
"1344923888",0,0,0,0,0,0,0,0,0,1,1,0,0,0,0,0,0,0,0,0
"1154694362",0,0,1,0,0,0,0,0,0,0,0,0,0,0,0,1,0,0,0,0
"759385824",0,0,0,0,0,0,0,0,0,0,1,0,0,0,0,0,0,0,0,0
"385767327",0,0,0,0,0,0,0,1,0,0,0,0,0,0,1,0,0,0,0,0
"757933341140250624",NA,NA,NA,NA,NA,NA,NA,NA,NA,NA,NA,NA,NA,NA,NA,NA,NA,NA,NA,NA
"110600629",NA,NA,NA,NA,NA,NA,NA,NA,NA,NA,NA,NA,NA,NA,NA,NA,NA,NA,NA,NA
"1061337968",0,0,0,0,1,0,0,0,0,0,0,0,0,0,0,1,0,0,0,0
"3063298629",0,0,0,0,0,0,1,0,0,1,1,0,0,0,0,0,0,0,0,0
"703996640701648896",0,0,0,0,0,0,0,1,0,1,1,0,0,0,0,0,0,0,0,0
"757759961569042432",0,0,0,0,0,0,0,0,0,0,0,0,0,0,0,0,0,0,0,0
"478592159",0,0,1,0,0,0,0,0,0,1,0,0,0,0,0,1,0,1,0,0
"2356493644",NA,NA,NA,NA,NA,NA,NA,NA,NA,NA,NA,NA,NA,NA,NA,NA,NA,NA,NA,NA
"1505724420",0,0,0,0,1,1,1,0,0,1,0,0,0,0,0,0,0,0,1,0
"3410650625",0,0,0,0,0,0,0,0,0,1,0,0,0,0,0,0,0,0,1,0
"1061298402",0,0,1,0,1,0,0,0,0,1,0,0,0,0,0,1,0,0,0,0
"580447905",0,0,0,1,0,0,0,0,0,1,0,0,0,0,0,1,0,1,1,0
"392077251",0,0,0,0,1,0,0,1,0,1,1,0,0,0,0,1,0,0,0,0
"414344543",0,0,0,0,0,1,0,1,0,1,0,0,0,0,0,0,0,0,0,0
"1707399337",0,0,0,0,0,0,0,0,0,1,1,0,0,0,0,0,0,0,1,0
"235809142",0,0,0,1,0,0,0,1,1,1,0,0,0,0,0,0,0,1,0,1
"821976391",0,0,0,0,1,0,0,1,0,1,1,1,0,0,0,0,0,0,0,0
"496349300",1,0,0,1,1,0,1,0,0,1,0,0,0,0,0,0,1,1,0,0
"186281365",NA,NA,NA,NA,NA,NA,NA,NA,NA,NA,NA,NA,NA,NA,NA,NA,NA,NA,NA,NA
"1169101250",0,0,0,0,0,1,0,0,1,0,0,0,0,0,0,1,0,0,0,0
"852723636368748544",0,0,0,0,0,0,0,1,0,1,1,0,0,0,0,1,0,0,0,1
"128619998",NA,NA,NA,NA,NA,NA,NA,NA,NA,NA,NA,NA,NA,NA,NA,NA,NA,NA,NA,NA
"157011694",0,0,0,0,1,0,0,1,0,1,0,0,0,0,1,0,0,0,0,0
"4817114249",0,0,0,0,0,0,1,1,0,1,1,1,0,0,0,1,0,0,0,1
"101595595",0,0,1,0,0,1,1,0,0,1,0,0,0,0,0,1,0,0,0,0
"715613647758819328",0,0,0,0,0,0,0,1,0,1,0,0,0,0,1,0,0,0,1,0
"2176475695",1,0,0,0,1,0,1,1,0,0,0,0,0,0,0,0,1,0,0,0
"32914273",0,0,0,0,0,0,1,0,0,1,0,0,0,0,0,1,0,0,0,1
"139593662",0,0,0,1,0,1,0,0,0,1,0,0,0,0,0,1,0,1,0,0
"159493967",0,0,0,0,0,0,0,0,0,0,0,0,0,0,0,0,0,0,0,0
"1129029781",0,0,0,1,1,0,1,0,0,1,1,1,0,0,1,1,0,1,0,0
"53424819",0,0,1,1,0,0,0,0,1,1,0,0,0,0,0,1,0,1,1,0
"42961007",1,0,0,0,0,0,1,0,0,1,0,0,0,0,0,1,1,0,1,0
"337798064",0,0,0,0,0,0,0,0,0,1,1,1,0,0,1,0,0,0,0,0
"2890919590",0,0,0,0,0,0,0,0,0,1,0,0,0,0,0,0,0,0,0,0
"2180321701",1,0,0,1,0,0,1,0,0,1,1,0,0,0,0,0,1,1,1,0
"56595468",NA,NA,NA,NA,NA,NA,NA,NA,NA,NA,NA,NA,NA,NA,NA,NA,NA,NA,NA,NA
"468672445",1,0,0,0,1,0,1,0,0,1,0,0,0,0,0,0,1,0,1,0
"369229624",0,0,0,0,1,0,0,0,0,1,0,0,0,0,1,0,0,0,0,0
"196299243",NA,NA,NA,NA,NA,NA,NA,NA,NA,NA,NA,NA,NA,NA,NA,NA,NA,NA,NA,NA
"82518318",0,0,0,0,0,0,0,1,0,1,1,1,0,0,0,0,0,0,0,1
"117743669",1,0,0,0,0,0,1,1,0,0,0,0,0,0,0,1,1,0,0,0
"1183409390",0,0,1,0,0,0,0,1,0,1,0,0,0,0,1,1,0,0,0,0
"1304930094",NA,NA,NA,NA,NA,NA,NA,NA,NA,NA,NA,NA,NA,NA,NA,NA,NA,NA,NA,NA
"742519251542495232",0,0,0,0,0,0,1,1,0,1,0,0,0,0,1,0,1,0,0,0
"805431556118560768",1,0,0,0,0,1,0,1,0,1,0,0,0,0,1,0,0,0,0,1
"431155779",1,0,0,0,1,0,0,0,0,1,0,0,0,0,0,0,0,0,1,0
"410444103",0,0,0,0,0,0,0,1,0,0,1,0,0,0,0,1,1,0,0,0
"25980160",NA,NA,NA,NA,NA,NA,NA,NA,NA,NA,NA,NA,NA,NA,NA,NA,NA,NA,NA,NA
"21838178",0,0,0,0,1,0,0,0,0,1,0,0,0,0,0,1,0,0,0,0
"3441798313",1,0,0,0,1,0,0,0,0,1,0,0,0,0,0,0,0,0,1,0
"119571280",0,0,0,0,0,0,0,0,0,0,0,0,0,0,0,1,0,0,0,1
"129822858",1,0,0,0,0,0,0,0,0,0,0,0,0,0,0,1,1,0,0,0
"1058597778",NA,NA,NA,NA,NA,NA,NA,NA,NA,NA,NA,NA,NA,NA,NA,NA,NA,NA,NA,NA
"1002568728",0,0,0,0,0,1,0,0,0,1,0,0,0,0,0,1,0,0,0,0
"4913366953",0,0,0,0,0,1,0,0,0,1,0,0,0,0,0,0,0,0,0,0
"1069165872",0,0,0,0,0,1,0,0,0,1,0,0,0,0,0,0,0,0,0,0
"3875639652",0,0,0,0,0,0,0,0,0,0,0,0,0,0,0,1,0,0,0,0
"865234154",0,0,0,0,1,0,0,0,0,1,0,0,0,0,0,0,0,0,1,0
"152685250",NA,NA,NA,NA,NA,NA,NA,NA,NA,NA,NA,NA,NA,NA,NA,NA,NA,NA,NA,NA
"2377900363",NA,NA,NA,NA,NA,NA,NA,NA,NA,NA,NA,NA,NA,NA,NA,NA,NA,NA,NA,NA
"525810671",1,0,0,1,0,0,0,1,0,1,0,0,0,0,1,1,0,0,0,0
"1287107688",0,0,0,0,0,0,0,0,0,1,0,0,0,0,0,1,0,0,1,0
"2367507841",0,0,0,0,1,0,0,0,0,1,0,0,0,0,0,1,0,0,0,0
"814259801739956224",0,0,0,0,0,0,0,1,0,1,0,0,0,0,0,1,0,0,0,0
"2340659774",0,0,0,0,0,0,0,0,0,1,0,0,0,0,0,0,1,0,0,0
"178094600",0,0,0,0,0,0,0,0,0,1,1,0,0,0,0,1,0,0,0,0
"1145899129",0,0,0,0,0,0,0,1,0,1,0,0,0,0,0,1,0,0,0,0
"2209579559",NA,NA,NA,NA,NA,NA,NA,NA,NA,NA,NA,NA,NA,NA,NA,NA,NA,NA,NA,NA
"229305899",0,0,0,0,0,0,0,0,0,1,0,0,0,0,0,1,0,0,0,0
"2815717972",0,0,0,0,0,0,1,0,0,1,0,0,0,0,0,1,1,0,0,0
"2322833389",NA,NA,NA,NA,NA,NA,NA,NA,NA,NA,NA,NA,NA,NA,NA,NA,NA,NA,NA,NA
"17037258",NA,NA,NA,NA,NA,NA,NA,NA,NA,NA,NA,NA,NA,NA,NA,NA,NA,NA,NA,NA
"56812053",0,0,0,0,0,0,0,0,0,1,0,0,0,0,0,1,0,0,0,1
"44426731",0,0,0,0,0,0,0,1,0,1,0,0,0,0,0,1,0,0,0,0
"1267304724",0,0,0,0,0,0,0,1,0,1,0,0,0,0,0,1,0,0,0,0
"835541282994860032",0,0,0,0,0,0,0,0,0,0,0,0,0,0,0,1,0,0,0,0
"299471579",NA,NA,NA,NA,NA,NA,NA,NA,NA,NA,NA,NA,NA,NA,NA,NA,NA,NA,NA,NA
"767611450772774912",0,0,0,0,0,0,0,0,0,1,1,0,0,0,0,1,0,0,1,1
"1362119390",1,0,0,0,0,0,0,0,0,1,0,0,0,0,0,1,0,0,0,0
"2377914001",0,0,0,0,0,1,0,0,0,1,0,0,0,0,0,0,1,0,0,0
"25848616",0,0,0,0,0,0,1,0,0,1,0,0,0,0,0,1,1,0,0,0
"2376663805",NA,NA,NA,NA,NA,NA,NA,NA,NA,NA,NA,NA,NA,NA,NA,NA,NA,NA,NA,NA
"790677113829371904",0,0,0,1,0,1,0,1,0,1,0,0,0,0,1,0,0,0,0,0
"124291781",0,0,0,0,0,0,0,1,0,1,1,0,0,0,0,1,0,0,0,0
"260966112",NA,NA,NA,NA,NA,NA,NA,NA,NA,NA,NA,NA,NA,NA,NA,NA,NA,NA,NA,NA
"246086966",0,0,0,0,0,1,0,0,0,1,1,0,0,0,0,1,1,0,0,0
"3148656091",NA,NA,NA,NA,NA,NA,NA,NA,NA,NA,NA,NA,NA,NA,NA,NA,NA,NA,NA,NA
"2291538566",0,0,0,0,0,0,0,0,0,1,0,0,0,0,0,1,0,0,0,0
"1120956786",0,0,0,0,1,0,0,1,0,1,0,0,0,0,0,1,0,0,0,0
"110832860",0,0,0,0,0,0,0,1,0,1,0,0,0,0,0,1,0,1,0,0
"153277527",0,0,0,0,0,0,0,1,0,1,0,0,0,0,0,0,0,0,0,0
"775002186",0,0,0,0,0,0,0,1,0,1,0,0,0,0,0,0,0,0,0,0
"596849795",0,0,0,0,0,0,0,1,0,1,0,0,0,0,0,0,0,0,0,0
"1337511152",0,0,0,0,0,0,0,1,0,1,0,0,0,0,0,1,0,0,1,0
"802911684134400000",NA,NA,NA,NA,NA,NA,NA,NA,NA,NA,NA,NA,NA,NA,NA,NA,NA,NA,NA,NA
"969396626",NA,NA,NA,NA,NA,NA,NA,NA,NA,NA,NA,NA,NA,NA,NA,NA,NA,NA,NA,NA
"2788021760",0,0,0,0,0,1,0,1,0,0,0,0,0,0,0,1,1,0,0,0
"706974683472605184",0,0,0,0,1,0,0,1,0,0,1,0,0,0,1,1,0,0,0,1
"18269792",0,0,0,0,1,0,0,0,0,1,1,0,0,0,0,1,0,1,0,0
"517016355",0,0,0,0,0,0,0,1,0,1,0,0,0,0,0,0,0,0,1,0
"258011277",NA,NA,NA,NA,NA,NA,NA,NA,NA,NA,NA,NA,NA,NA,NA,NA,NA,NA,NA,NA
"344894390",NA,NA,NA,NA,NA,NA,NA,NA,NA,NA,NA,NA,NA,NA,NA,NA,NA,NA,NA,NA
"1318703821",0,0,0,0,0,1,0,1,0,1,0,0,0,0,0,0,1,0,0,0
"2456250857",0,0,0,0,1,0,0,0,0,1,0,0,0,0,0,1,0,0,0,0
"1670763313",0,0,0,0,1,0,0,0,0,1,0,0,0,0,0,0,0,0,1,0
"4833338333",0,0,0,0,0,0,0,0,0,0,0,0,0,0,0,0,0,0,0,0
"4833542411",1,0,0,0,0,0,0,0,0,1,0,0,0,0,1,0,1,0,0,0
"111687522",0,0,0,0,1,0,0,0,0,0,0,0,0,0,0,1,0,0,0,0
"15898439",NA,NA,NA,NA,NA,NA,NA,NA,NA,NA,NA,NA,NA,NA,NA,NA,NA,NA,NA,NA
"91826372",NA,NA,NA,NA,NA,NA,NA,NA,NA,NA,NA,NA,NA,NA,NA,NA,NA,NA,NA,NA
"299578411",0,0,0,0,1,0,0,0,0,0,0,0,0,0,0,0,0,1,0,0
"193717995",0,0,0,0,0,0,1,0,0,0,1,0,0,0,0,1,0,0,1,0
"948586073973837824",0,0,0,0,0,0,0,0,0,0,0,0,0,0,0,0,0,0,0,0
"94262891",NA,NA,NA,NA,NA,NA,NA,NA,NA,NA,NA,NA,NA,NA,NA,NA,NA,NA,NA,NA
"1543501346",0,0,0,0,0,0,0,0,0,1,0,0,0,0,0,1,0,0,0,0
"1135373598",0,0,0,0,0,0,0,1,0,1,0,0,0,0,0,1,0,0,0,0
"66562891",0,0,1,0,0,0,0,0,0,0,1,0,0,0,0,0,0,0,1,0
"23365981",0,0,0,0,0,0,0,0,0,0,0,0,0,0,0,0,0,0,0,0
"121219311",0,0,0,0,0,0,0,0,0,1,1,0,0,0,0,1,0,0,1,0
"4898733310",0,0,0,1,0,0,0,1,0,0,0,0,0,0,0,0,0,1,0,1
"834084241",0,0,0,0,1,0,0,1,0,0,0,0,0,0,0,1,0,1,0,1
"2956955584",0,0,1,0,0,0,0,1,0,1,0,0,0,0,0,0,0,0,0,0
"76035270",0,0,0,0,0,0,1,1,0,1,0,0,0,0,0,0,0,0,0,0
"39893981",1,0,0,0,0,0,0,0,0,0,0,0,0,0,0,1,1,0,0,0
"900838359987347456",0,0,0,0,1,0,0,0,0,1,0,0,0,0,0,0,0,0,0,0
"121231141",0,0,0,0,0,0,0,0,0,0,0,0,0,0,0,0,0,0,0,0
"3347292917",0,0,0,0,0,0,0,0,0,1,0,0,0,0,0,1,0,0,0,0
"31437498",0,0,0,1,0,0,0,1,0,0,0,0,0,0,0,0,0,0,0,1
"2252766184",0,0,1,0,0,0,0,0,0,0,1,0,0,0,0,0,0,0,1,0
"293711667",NA,NA,NA,NA,NA,NA,NA,NA,NA,NA,NA,NA,NA,NA,NA,NA,NA,NA,NA,NA
"3853438397",0,0,1,0,0,0,0,0,0,0,0,1,0,0,0,0,0,0,0,0
"90278451",0,0,0,0,0,0,0,0,0,1,0,0,0,0,0,0,0,0,0,0
"100115449",0,0,0,1,1,0,0,0,0,1,0,1,0,0,0,1,0,0,0,1
"2541597056",0,0,0,0,0,0,0,0,0,1,0,0,0,0,1,1,0,0,0,0
"779317529651077120",NA,NA,NA,NA,NA,NA,NA,NA,NA,NA,NA,NA,NA,NA,NA,NA,NA,NA,NA,NA
"920149104",0,0,0,1,0,0,0,1,0,1,0,0,0,0,0,1,0,0,0,0
"3006381705",0,0,1,0,0,0,0,0,0,0,0,0,0,0,1,0,0,0,0,0
"2293097760",NA,NA,NA,NA,NA,NA,NA,NA,NA,NA,NA,NA,NA,NA,NA,NA,NA,NA,NA,NA
"2329732639",0,0,0,1,1,0,0,0,0,0,1,1,0,0,0,1,0,0,1,0
"600336338",0,0,0,1,1,0,0,0,0,1,0,0,0,0,0,1,0,0,0,0
"34018242",0,0,0,0,0,0,1,0,0,1,0,0,0,0,0,0,0,0,0,0
"726880961586184192",NA,NA,NA,NA,NA,NA,NA,NA,NA,NA,NA,NA,NA,NA,NA,NA,NA,NA,NA,NA
"4735879113",0,0,0,0,1,0,0,0,0,1,0,0,0,0,0,0,0,0,0,1
"514557770",0,0,0,0,0,0,0,0,0,0,0,0,0,0,0,0,0,0,0,0
"2266517269",0,0,0,0,1,0,0,1,0,0,0,1,0,0,0,1,0,0,0,0
"138849257",NA,NA,NA,NA,NA,NA,NA,NA,NA,NA,NA,NA,NA,NA,NA,NA,NA,NA,NA,NA
"52596035",0,0,0,0,0,0,0,0,0,1,1,0,0,0,0,0,0,1,1,0
"257517736",0,0,0,0,0,0,0,0,0,0,0,0,0,0,0,1,0,0,0,0
"2426286744",NA,NA,NA,NA,NA,NA,NA,NA,NA,NA,NA,NA,NA,NA,NA,NA,NA,NA,NA,NA
"124253914",0,0,0,0,0,0,0,0,0,1,1,0,0,0,0,0,0,0,1,0
"4858668557",NA,NA,NA,NA,NA,NA,NA,NA,NA,NA,NA,NA,NA,NA,NA,NA,NA,NA,NA,NA
"121208502",NA,NA,NA,NA,NA,NA,NA,NA,NA,NA,NA,NA,NA,NA,NA,NA,NA,NA,NA,NA
"132939070",NA,NA,NA,NA,NA,NA,NA,NA,NA,NA,NA,NA,NA,NA,NA,NA,NA,NA,NA,NA
"456899748",0,0,0,0,1,0,0,0,0,1,0,1,0,0,0,0,0,1,0,0
"25728028",0,0,0,1,1,0,0,0,0,1,0,0,0,0,0,1,0,0,0,0
"479881819",0,0,0,0,0,1,1,0,0,1,0,0,0,0,1,1,0,0,0,0
"146980282",0,0,0,1,1,0,0,0,0,1,0,0,0,0,0,1,0,0,0,0
"78370416",NA,NA,NA,NA,NA,NA,NA,NA,NA,NA,NA,NA,NA,NA,NA,NA,NA,NA,NA,NA
"305716812",0,0,0,0,1,0,0,0,0,1,0,0,0,0,0,0,0,0,0,1
"221932626",0,0,0,1,1,0,0,0,0,1,0,0,0,0,0,1,0,0,0,0
"34291036",0,0,0,0,1,0,0,0,0,0,0,0,0,0,0,1,0,0,0,0
"111073776",0,0,0,1,0,0,0,0,0,1,0,0,0,0,0,1,0,0,0,0
"121220263",0,0,0,1,0,0,0,1,0,0,0,0,0,0,0,0,0,0,0,1
"111693211",0,0,0,1,0,0,0,0,0,0,0,0,0,0,0,0,0,0,1,0
"102133945",0,0,0,0,0,1,1,0,0,0,1,0,0,0,0,0,0,0,1,0
"916935650",NA,NA,NA,NA,NA,NA,NA,NA,NA,NA,NA,NA,NA,NA,NA,NA,NA,NA,NA,NA
"240722267",0,0,0,0,0,0,0,0,0,0,1,0,0,0,0,1,0,0,1,1
"369866376",0,0,0,0,0,0,0,0,0,0,0,0,0,0,0,1,0,0,0,1
"1411017944",0,0,0,1,0,0,0,1,0,0,0,0,0,0,0,1,0,0,0,0
"82900695",0,0,0,0,0,0,0,0,0,1,0,0,0,0,0,1,0,0,0,0
"237012415",0,0,0,1,0,0,0,0,0,1,0,0,0,0,0,1,0,0,0,0
"338994478",NA,NA,NA,NA,NA,NA,NA,NA,NA,NA,NA,NA,NA,NA,NA,NA,NA,NA,NA,NA
"123974466",0,0,0,0,0,0,0,1,0,0,0,0,0,0,0,1,0,0,0,0
"915926001162625024",0,0,0,0,0,1,1,0,0,0,1,0,0,0,0,1,0,0,1,0
"1400708448",0,0,0,1,0,0,0,0,0,1,0,1,0,0,0,1,0,0,0,0
"3182279418",0,0,0,0,0,0,0,1,0,1,0,0,0,0,0,1,1,0,0,1
"3293433438",0,0,0,0,1,0,0,1,0,0,0,0,0,0,1,0,1,0,0,0
"461403403",NA,NA,NA,NA,NA,NA,NA,NA,NA,NA,NA,NA,NA,NA,NA,NA,NA,NA,NA,NA
"843930787716124672",0,0,0,0,0,0,0,0,0,1,0,0,0,0,0,1,0,0,0,0
"29108260",NA,NA,NA,NA,NA,NA,NA,NA,NA,NA,NA,NA,NA,NA,NA,NA,NA,NA,NA,NA
"3566787494",1,0,0,0,1,0,0,1,0,1,0,0,0,0,0,0,1,0,0,0
"1545328650",NA,NA,NA,NA,NA,NA,NA,NA,NA,NA,NA,NA,NA,NA,NA,NA,NA,NA,NA,NA
"310998065",NA,NA,NA,NA,NA,NA,NA,NA,NA,NA,NA,NA,NA,NA,NA,NA,NA,NA,NA,NA
"159605877",0,0,0,0,1,0,0,1,0,1,1,0,0,0,0,1,0,0,0,0
"106151520",0,0,0,0,1,0,0,1,0,1,0,0,0,0,1,0,0,0,0,0
"4854308884",1,0,0,0,0,0,0,0,0,0,0,0,0,0,0,1,1,0,0,0
"4241210844",0,0,0,0,1,0,0,0,0,0,0,0,0,0,0,1,0,0,0,0
"124078127",NA,NA,NA,NA,NA,NA,NA,NA,NA,NA,NA,NA,NA,NA,NA,NA,NA,NA,NA,NA
"250490865",0,0,0,0,1,0,0,1,0,0,0,0,0,0,1,1,0,0,0,0
"249814921",0,0,0,0,1,0,0,1,0,1,0,0,0,0,0,1,0,0,0,0
"2381478368",0,0,0,0,1,0,0,0,0,1,0,0,0,0,0,0,0,0,0,0
"2247906445",1,0,0,0,0,0,0,0,0,1,1,0,0,0,0,1,1,0,0,0
"630771717",NA,NA,NA,NA,NA,NA,NA,NA,NA,NA,NA,NA,NA,NA,NA,NA,NA,NA,NA,NA
"69372869",NA,NA,NA,NA,NA,NA,NA,NA,NA,NA,NA,NA,NA,NA,NA,NA,NA,NA,NA,NA
"151574869",0,0,0,0,1,0,0,0,0,0,0,0,0,0,0,1,1,0,0,0
"15149457",1,0,0,0,0,0,0,0,0,1,0,0,0,0,0,0,1,0,0,0
"49156339",NA,NA,NA,NA,NA,NA,NA,NA,NA,NA,NA,NA,NA,NA,NA,NA,NA,NA,NA,NA
"3950801954",NA,NA,NA,NA,NA,NA,NA,NA,NA,NA,NA,NA,NA,NA,NA,NA,NA,NA,NA,NA
"3875206998",NA,NA,NA,NA,NA,NA,NA,NA,NA,NA,NA,NA,NA,NA,NA,NA,NA,NA,NA,NA
"738482854531764224",1,0,0,0,0,0,0,1,0,1,1,0,0,0,0,1,1,0,0,1
"426825989",NA,NA,NA,NA,NA,NA,NA,NA,NA,NA,NA,NA,NA,NA,NA,NA,NA,NA,NA,NA
"2355424106",0,0,0,0,0,0,0,1,0,1,0,0,0,0,1,1,1,0,0,1
"3002343360",0,0,0,0,0,0,0,1,0,1,0,0,0,0,1,1,0,0,0,0
"16163937",0,0,0,0,1,0,0,1,0,1,0,0,0,0,1,1,0,0,0,0
"440578066",0,0,0,0,0,0,0,1,0,0,0,0,0,0,1,1,0,0,0,0
"1671024336",0,0,0,0,0,0,0,1,0,0,1,0,0,0,1,0,0,0,0,0
"389782388",0,0,0,0,0,0,0,1,0,1,0,0,0,0,0,1,1,0,0,1
"102179067",NA,NA,NA,NA,NA,NA,NA,NA,NA,NA,NA,NA,NA,NA,NA,NA,NA,NA,NA,NA
"553823767",0,0,0,1,0,0,0,0,0,1,1,0,0,0,0,1,0,0,0,0
"231901887",NA,NA,NA,NA,NA,NA,NA,NA,NA,NA,NA,NA,NA,NA,NA,NA,NA,NA,NA,NA
"3499680919",0,0,0,1,0,0,0,1,0,1,0,0,0,0,1,1,0,0,0,0
"60132200",0,0,0,1,1,0,0,1,0,1,0,0,0,0,0,0,0,0,0,0
"97306684",0,0,0,0,1,0,0,0,0,0,1,0,0,0,0,1,0,0,0,0
"516891397",NA,NA,NA,NA,NA,NA,NA,NA,NA,NA,NA,NA,NA,NA,NA,NA,NA,NA,NA,NA
"278069320",NA,NA,NA,NA,NA,NA,NA,NA,NA,NA,NA,NA,NA,NA,NA,NA,NA,NA,NA,NA
"256757744",NA,NA,NA,NA,NA,NA,NA,NA,NA,NA,NA,NA,NA,NA,NA,NA,NA,NA,NA,NA
"292505409",NA,NA,NA,NA,NA,NA,NA,NA,NA,NA,NA,NA,NA,NA,NA,NA,NA,NA,NA,NA
"62629214",0,0,0,0,1,0,0,1,0,0,1,0,0,0,0,1,0,0,0,0
"3198146389",0,0,0,0,0,0,0,1,0,0,0,0,0,0,1,1,0,0,0,0
"306302049",0,0,0,1,0,0,0,1,0,1,0,0,0,0,0,1,1,0,0,1
"1862064751",NA,NA,NA,NA,NA,NA,NA,NA,NA,NA,NA,NA,NA,NA,NA,NA,NA,NA,NA,NA
"733898910",NA,NA,NA,NA,NA,NA,NA,NA,NA,NA,NA,NA,NA,NA,NA,NA,NA,NA,NA,NA
"357049620",0,0,0,1,0,0,0,1,0,1,0,0,0,0,1,0,0,0,0,0
"276984604",1,0,0,0,0,0,1,0,0,0,1,0,0,0,0,0,0,0,1,0
"132745629",NA,NA,NA,NA,NA,NA,NA,NA,NA,NA,NA,NA,NA,NA,NA,NA,NA,NA,NA,NA
"562833413",0,0,0,0,1,0,0,0,0,1,0,0,0,0,0,0,0,0,0,0
"1099347847",NA,NA,NA,NA,NA,NA,NA,NA,NA,NA,NA,NA,NA,NA,NA,NA,NA,NA,NA,NA
"469625793",0,0,0,1,1,0,0,1,0,0,1,0,0,0,1,0,0,0,0,0
"3075634731",0,0,0,0,0,0,0,0,0,0,1,0,0,0,1,1,0,0,0,1
"52612182",1,0,0,0,0,1,0,0,0,1,1,0,0,0,0,1,0,0,1,0
"816707365898747904",0,0,0,0,1,0,0,0,0,0,1,0,0,0,0,1,0,1,0,0
"2962274537",1,0,0,0,0,0,0,1,0,1,0,0,0,0,0,1,0,1,0,0
"55724388",0,0,0,1,0,0,1,1,0,1,0,0,0,0,1,0,0,0,0,0
"712395908776857600",1,0,0,1,0,0,0,1,0,0,0,0,0,0,1,0,0,0,1,0
"386043297",NA,NA,NA,NA,NA,NA,NA,NA,NA,NA,NA,NA,NA,NA,NA,NA,NA,NA,NA,NA
"915831762",NA,NA,NA,NA,NA,NA,NA,NA,NA,NA,NA,NA,NA,NA,NA,NA,NA,NA,NA,NA
"37022645",NA,NA,NA,NA,NA,NA,NA,NA,NA,NA,NA,NA,NA,NA,NA,NA,NA,NA,NA,NA
"96360994",1,0,0,1,1,0,0,1,0,0,0,0,0,0,1,1,0,0,0,1
"169974084",NA,NA,NA,NA,NA,NA,NA,NA,NA,NA,NA,NA,NA,NA,NA,NA,NA,NA,NA,NA
"729052446",1,0,0,1,1,0,0,1,0,0,0,0,0,0,1,0,0,0,0,0
"3956570123",NA,NA,NA,NA,NA,NA,NA,NA,NA,NA,NA,NA,NA,NA,NA,NA,NA,NA,NA,NA
"2429582042",0,0,0,1,1,0,0,1,0,0,0,0,0,0,1,1,0,0,0,1
"167412391",0,0,0,0,0,0,0,0,0,0,0,0,0,0,0,1,0,0,0,0
"108351020",0,0,0,0,0,0,0,0,0,0,0,0,0,0,0,1,0,0,0,0
"2488568143",0,0,0,0,1,0,0,0,0,0,0,0,0,0,1,0,0,0,0,0
"106787853",NA,NA,NA,NA,NA,NA,NA,NA,NA,NA,NA,NA,NA,NA,NA,NA,NA,NA,NA,NA
"567532294",0,0,0,1,1,0,0,1,0,0,0,0,0,0,1,0,0,0,1,1
"339255502",1,0,0,0,0,0,0,0,0,1,0,0,0,0,0,1,0,0,1,0
"2207820906",0,0,0,0,0,0,0,0,0,0,0,0,0,0,0,1,0,0,0,0
"243267748",NA,NA,NA,NA,NA,NA,NA,NA,NA,NA,NA,NA,NA,NA,NA,NA,NA,NA,NA,NA
"4925139868",0,0,0,0,0,1,0,0,0,1,0,0,0,0,0,1,0,0,1,0
"817406965877997568",0,0,0,0,0,0,0,0,0,1,0,0,0,0,0,1,0,0,0,1
"4830236019",0,0,0,1,0,0,0,1,0,0,0,0,0,0,1,0,0,0,1,0
"69011458",NA,NA,NA,NA,NA,NA,NA,NA,NA,NA,NA,NA,NA,NA,NA,NA,NA,NA,NA,NA
"479902610",0,0,0,0,1,0,0,1,0,0,0,0,0,0,1,0,0,0,0,1
"455216345",0,0,0,0,1,0,1,0,0,1,0,0,0,0,0,0,0,1,0,1
"3000437506",0,0,0,0,0,0,0,0,0,1,0,0,0,0,0,1,0,0,0,0
"260762631",NA,NA,NA,NA,NA,NA,NA,NA,NA,NA,NA,NA,NA,NA,NA,NA,NA,NA,NA,NA
"4795801462",0,0,0,0,0,0,1,0,0,1,0,0,0,0,0,1,0,0,0,0
"564189292",0,0,0,0,0,0,1,0,0,0,0,1,0,0,0,0,0,0,0,0
"777937518746595328",0,0,0,0,0,0,0,0,0,1,0,0,0,0,0,0,0,0,1,0
"23450905",0,0,0,0,0,0,0,1,0,1,0,0,0,0,0,1,0,0,0,0
"257302726",0,0,0,0,0,1,0,0,0,1,0,0,0,0,1,0,0,0,0,0
"177719616",0,0,0,0,0,0,0,0,0,1,1,0,0,0,0,1,0,0,1,0
"519036443",0,0,0,0,0,0,0,0,0,1,0,0,0,0,1,0,0,0,1,0
"187306035",0,0,0,0,0,0,0,1,0,0,1,0,0,0,1,0,0,0,0,0
"3303699483",0,0,0,1,1,0,0,1,0,1,0,0,0,0,1,0,0,0,0,1
"119092483",NA,NA,NA,NA,NA,NA,NA,NA,NA,NA,NA,NA,NA,NA,NA,NA,NA,NA,NA,NA
"2300193835",0,0,0,0,1,0,0,1,0,1,0,0,0,0,1,0,0,1,1,0
"18792179",0,0,0,1,0,0,0,1,0,0,0,0,0,0,1,0,0,1,0,0
"591903278",0,0,0,0,0,0,0,0,0,1,0,0,0,0,1,0,0,0,1,0
"37055926",0,0,0,0,0,1,0,0,0,1,0,0,0,0,0,1,0,0,0,0
"150400809",0,0,0,0,0,0,0,1,0,1,0,0,0,0,1,0,0,0,1,0
"2325709850",0,0,0,0,1,1,1,0,0,0,0,0,0,0,0,1,0,0,0,0
"22524908",0,0,0,0,1,0,0,0,0,1,1,1,0,0,0,0,0,0,0,0
"3130868032",0,0,0,0,0,0,0,0,0,1,0,0,0,0,0,1,0,0,0,0
"143636054",0,0,0,1,1,0,0,1,0,1,1,1,0,0,1,0,0,0,0,0
"2522702684",0,0,0,0,0,0,0,1,0,0,1,0,0,0,1,0,0,0,0,0
"468064786",0,0,0,0,0,0,1,0,0,0,0,0,0,0,0,1,0,0,0,0
"16489259",0,0,0,0,0,0,1,0,0,0,1,1,0,0,0,0,0,0,0,0
"4833262593",NA,NA,NA,NA,NA,NA,NA,NA,NA,NA,NA,NA,NA,NA,NA,NA,NA,NA,NA,NA
"515655160",NA,NA,NA,NA,NA,NA,NA,NA,NA,NA,NA,NA,NA,NA,NA,NA,NA,NA,NA,NA
"108427276",0,0,0,0,0,0,0,0,0,1,0,0,0,0,0,1,0,0,0,0
"112823255",0,0,0,0,0,0,0,0,0,1,0,0,0,0,1,1,0,0,0,0
"2275218805",0,0,0,0,1,0,0,0,0,0,0,0,0,0,1,0,0,0,0,1
"3393387226",0,0,0,1,0,0,0,1,0,0,0,1,0,0,1,0,0,0,0,0
"1321353271",1,0,0,0,0,1,0,0,0,0,0,1,0,0,0,0,0,0,0,0
"4025202275",0,0,0,0,0,1,0,0,0,0,0,1,0,0,0,1,0,0,0,0
"708379276572291072",0,0,0,0,0,0,0,1,0,0,0,0,0,0,0,1,0,0,1,1
"22956207",1,0,0,0,1,0,0,0,0,0,0,1,0,0,0,0,0,0,1,0
"237294480",0,0,0,0,0,0,0,1,0,1,0,0,0,0,1,1,0,0,0,1
"2319479172",0,0,0,0,1,0,0,0,0,1,0,0,0,0,0,0,0,0,1,0
"2776073963",NA,NA,NA,NA,NA,NA,NA,NA,NA,NA,NA,NA,NA,NA,NA,NA,NA,NA,NA,NA
"574734714",0,0,0,0,1,1,0,0,0,1,0,0,0,0,0,0,0,0,1,0
"757862089",0,0,0,0,1,0,0,0,0,1,0,0,0,0,0,1,0,0,1,0
"115576195",0,0,0,0,1,0,0,1,0,0,0,1,0,0,0,0,0,1,0,0
"321416352",0,0,0,0,1,0,1,0,0,1,0,0,0,0,0,1,0,0,0,0
"413456876",1,0,0,0,0,1,0,0,0,0,1,1,0,0,0,0,0,0,0,0
"2153645966",0,0,0,0,0,0,0,1,0,1,1,1,0,0,1,0,0,0,0,0
"4151281251",0,0,0,0,1,0,1,0,0,0,0,0,0,0,0,0,0,0,0,0
"93330579",0,0,0,0,0,0,0,1,0,0,1,1,0,0,1,0,0,0,0,0
"326335855",0,0,0,0,0,0,0,0,0,0,0,0,0,0,0,1,0,0,0,0
"471454646",0,0,0,0,0,1,1,0,0,0,0,0,0,0,0,0,0,0,0,0
"173979063",0,0,0,0,1,0,0,0,0,0,1,0,0,0,0,1,0,0,0,0
"1132045987",0,0,0,0,1,0,0,1,0,0,0,0,0,0,0,1,0,0,0,0
"2586867338",0,0,0,0,1,0,0,0,0,0,0,1,0,0,1,1,0,0,1,0
"311276757",0,0,0,0,0,0,0,1,0,1,0,1,0,0,0,1,0,0,1,0
"701995008690409472",NA,NA,NA,NA,NA,NA,NA,NA,NA,NA,NA,NA,NA,NA,NA,NA,NA,NA,NA,NA
"574688373",0,0,0,0,0,0,0,0,0,1,1,0,0,0,0,1,0,0,0,0
"460364215",0,0,0,0,1,0,0,1,0,1,0,1,0,0,1,1,0,0,0,0
"383566622",0,0,0,0,0,0,0,0,0,0,0,0,0,0,0,1,0,0,0,0
"223903173",0,0,0,0,0,1,1,0,0,0,0,0,0,0,1,0,0,0,0,1
"2260527270",0,0,0,0,1,0,0,1,0,1,0,1,0,0,0,0,0,0,0,0
"496375356",0,0,0,0,0,0,0,1,0,1,1,0,0,0,0,1,0,0,0,1
"55615697",0,0,0,0,1,0,0,0,0,0,1,0,0,0,0,1,0,0,0,0
"1532498652",NA,NA,NA,NA,NA,NA,NA,NA,NA,NA,NA,NA,NA,NA,NA,NA,NA,NA,NA,NA
"843481011090546688",0,0,0,0,0,0,1,0,0,1,0,0,0,0,0,1,0,0,0,0
"18883397",0,0,0,0,1,0,0,0,0,0,0,1,0,0,1,0,0,0,0,0
"1561014955",0,0,0,0,1,0,1,0,0,1,0,0,0,0,0,0,0,1,0,0
"180034385",0,0,0,0,0,0,1,0,0,0,1,0,0,0,0,1,0,0,0,0
"438059409",0,0,0,0,0,0,0,0,0,1,0,0,0,0,0,1,0,0,0,0
"162199264",0,0,0,0,0,0,0,0,0,1,1,0,0,0,1,0,0,0,0,1
"123058509",0,0,0,0,0,0,0,1,0,1,0,0,0,0,1,1,0,0,0,0
"2343947996",0,0,0,0,1,0,1,0,0,0,1,0,0,0,0,0,0,0,0,0
"2333674100",0,0,0,0,0,0,0,0,0,1,0,0,0,0,1,1,0,0,1,0
"1612891832",1,0,0,0,0,0,0,1,0,1,0,0,0,0,0,0,0,1,0,1
"19553553",0,0,0,0,1,0,1,1,0,0,0,0,0,0,0,1,0,0,0,0
"155556393",0,0,1,1,0,0,0,1,0,0,0,0,0,0,1,0,0,0,1,0
"41393531",NA,NA,NA,NA,NA,NA,NA,NA,NA,NA,NA,NA,NA,NA,NA,NA,NA,NA,NA,NA
"319785911",0,0,0,0,0,0,0,0,0,0,0,0,0,0,0,1,0,0,0,0
"134362298",NA,NA,NA,NA,NA,NA,NA,NA,NA,NA,NA,NA,NA,NA,NA,NA,NA,NA,NA,NA
"44993658",0,0,0,0,0,0,0,1,0,0,0,0,0,0,0,1,0,0,0,0
"121783565",0,0,0,0,1,0,0,1,0,0,1,0,0,0,0,1,0,0,0,0
"3030293635",0,0,0,0,0,0,0,0,0,0,0,0,0,0,0,0,0,0,0,0
"435128656",NA,NA,NA,NA,NA,NA,NA,NA,NA,NA,NA,NA,NA,NA,NA,NA,NA,NA,NA,NA
"337848034",0,0,0,1,0,0,0,1,0,0,0,0,0,0,1,0,0,0,0,1
"905096208",NA,NA,NA,NA,NA,NA,NA,NA,NA,NA,NA,NA,NA,NA,NA,NA,NA,NA,NA,NA
"17845781",0,0,0,0,0,1,0,1,0,0,0,0,0,0,0,1,0,1,0,0
"24295932",NA,NA,NA,NA,NA,NA,NA,NA,NA,NA,NA,NA,NA,NA,NA,NA,NA,NA,NA,NA
"80890505",0,0,0,0,0,0,0,1,0,0,0,0,0,0,1,1,0,1,0,0
"22102584",0,0,0,0,1,0,0,1,0,1,0,0,0,0,1,1,0,0,0,0
"15663169",0,0,0,0,0,0,0,1,0,0,1,0,0,0,0,1,0,0,0,0
"36978467",0,0,0,0,0,0,0,1,0,1,0,1,0,0,0,1,0,0,0,0
"36957404",NA,NA,NA,NA,NA,NA,NA,NA,NA,NA,NA,NA,NA,NA,NA,NA,NA,NA,NA,NA
"325241277",NA,NA,NA,NA,NA,NA,NA,NA,NA,NA,NA,NA,NA,NA,NA,NA,NA,NA,NA,NA
"317292694",0,0,0,0,0,0,0,1,0,1,1,0,0,0,0,1,0,0,0,1
"550516106",NA,NA,NA,NA,NA,NA,NA,NA,NA,NA,NA,NA,NA,NA,NA,NA,NA,NA,NA,NA
"148524657",0,0,0,0,0,0,0,1,0,0,1,1,0,0,0,1,0,0,0,0
"148826880",NA,NA,NA,NA,NA,NA,NA,NA,NA,NA,NA,NA,NA,NA,NA,NA,NA,NA,NA,NA
"36745613",0,0,0,0,0,0,0,0,0,0,0,0,0,0,0,1,0,0,0,0
"2289003747",0,0,0,1,1,0,0,1,0,0,0,0,0,0,0,1,0,0,0,0
"23441791",0,0,0,0,0,1,0,0,0,1,1,0,0,0,0,0,0,0,0,1
"720610778",NA,NA,NA,NA,NA,NA,NA,NA,NA,NA,NA,NA,NA,NA,NA,NA,NA,NA,NA,NA
"45787636",NA,NA,NA,NA,NA,NA,NA,NA,NA,NA,NA,NA,NA,NA,NA,NA,NA,NA,NA,NA
"2533083625",0,0,0,0,0,0,0,0,0,0,0,0,0,0,0,0,0,0,1,0
"23431846",NA,NA,NA,NA,NA,NA,NA,NA,NA,NA,NA,NA,NA,NA,NA,NA,NA,NA,NA,NA
"22328580",0,0,0,0,1,0,1,1,0,0,1,1,0,0,0,1,0,0,0,0
"214118683",0,0,1,0,1,0,0,0,0,1,1,1,0,0,0,0,0,0,1,0
"29280746",0,0,0,0,0,0,0,0,0,0,0,0,0,0,0,1,0,0,0,0
"1098737419",0,0,1,0,0,1,0,1,0,1,1,0,0,0,0,1,0,0,1,0
"19485876",0,0,0,0,0,0,0,1,0,1,0,0,0,0,1,0,0,0,1,0
"19080330",NA,NA,NA,NA,NA,NA,NA,NA,NA,NA,NA,NA,NA,NA,NA,NA,NA,NA,NA,NA
"23637132",NA,NA,NA,NA,NA,NA,NA,NA,NA,NA,NA,NA,NA,NA,NA,NA,NA,NA,NA,NA
"2386445651",0,0,0,1,0,0,0,1,0,0,0,0,0,0,1,1,0,0,0,0
"42658509",NA,NA,NA,NA,NA,NA,NA,NA,NA,NA,NA,NA,NA,NA,NA,NA,NA,NA,NA,NA
"736970845432745984",1,0,0,1,0,0,0,1,0,0,0,1,0,0,0,1,0,0,0,0
"2384190900",0,0,0,0,0,0,0,0,0,0,0,0,0,0,0,0,0,0,0,0
"456923908",0,0,0,0,1,0,0,1,0,0,0,0,0,0,1,1,0,0,0,1
"27677135",NA,NA,NA,NA,NA,NA,NA,NA,NA,NA,NA,NA,NA,NA,NA,NA,NA,NA,NA,NA
"2890330424",0,0,0,0,0,1,1,1,0,0,0,0,0,0,0,1,0,0,0,1
"257696123",0,0,0,0,0,0,0,0,0,0,1,0,0,0,1,1,0,0,0,1
"20216828",NA,NA,NA,NA,NA,NA,NA,NA,NA,NA,NA,NA,NA,NA,NA,NA,NA,NA,NA,NA
"733051856113545216",0,0,0,0,0,0,0,0,0,1,1,0,0,0,0,0,0,1,1,1
"21961370",1,0,1,0,0,1,0,0,0,0,1,0,0,0,0,0,0,0,1,0
"221176170",0,0,0,0,0,1,0,1,0,0,0,0,0,0,0,1,0,1,0,1
"840285171106627584",NA,NA,NA,NA,NA,NA,NA,NA,NA,NA,NA,NA,NA,NA,NA,NA,NA,NA,NA,NA
"789126193559826432",1,0,1,0,1,0,0,0,0,1,1,0,0,0,0,0,0,0,1,0
"1661203730",0,0,0,0,0,0,1,0,0,1,1,0,0,0,0,0,0,0,0,1
"225062917",0,0,0,0,0,1,0,0,0,1,0,0,0,0,0,0,1,0,0,0
"34148074",0,0,0,0,0,0,0,1,0,0,0,0,0,0,0,1,0,0,1,1
"106836676",0,0,0,0,0,0,0,1,0,1,1,0,0,0,1,0,0,0,0,1
"321091278",NA,NA,NA,NA,NA,NA,NA,NA,NA,NA,NA,NA,NA,NA,NA,NA,NA,NA,NA,NA
"123272512",0,0,0,0,0,0,0,1,0,1,0,0,0,0,0,0,0,0,0,1
"733297793100591104",0,0,0,0,1,0,0,1,0,1,0,0,0,0,0,0,0,0,1,0
"4196559213",0,0,0,0,0,1,0,0,0,0,0,0,0,0,0,1,1,0,0,0
"748557900440866816",NA,NA,NA,NA,NA,NA,NA,NA,NA,NA,NA,NA,NA,NA,NA,NA,NA,NA,NA,NA
"1089424866",0,0,0,0,0,0,0,1,0,0,1,0,0,0,0,0,0,0,0,0
"19349730",NA,NA,NA,NA,NA,NA,NA,NA,NA,NA,NA,NA,NA,NA,NA,NA,NA,NA,NA,NA
"2966952164",0,0,0,0,0,1,0,1,0,1,0,0,0,0,0,1,1,0,0,0
"39571021",0,0,0,0,0,0,0,0,0,1,0,0,0,0,0,0,0,0,0,0
"18596919",NA,NA,NA,NA,NA,NA,NA,NA,NA,NA,NA,NA,NA,NA,NA,NA,NA,NA,NA,NA
"4493157677",0,0,0,0,0,0,0,0,0,0,0,0,0,0,0,0,0,0,0,0
"827240645634977792",0,0,0,0,1,0,0,0,0,1,1,0,0,0,0,1,0,0,0,0
"55720891",0,0,0,0,0,0,0,1,0,1,1,0,0,0,0,0,0,0,0,0
"2269362912",0,0,0,1,1,0,0,0,0,0,0,0,0,0,1,0,0,0,0,0
"22570409",NA,NA,NA,NA,NA,NA,NA,NA,NA,NA,NA,NA,NA,NA,NA,NA,NA,NA,NA,NA
"1871673438",0,0,0,0,0,0,0,0,0,0,0,0,0,0,0,1,0,0,0,0
"620219459",0,0,0,1,0,0,0,1,0,0,0,0,0,0,1,1,0,0,0,0
"35617687",NA,NA,NA,NA,NA,NA,NA,NA,NA,NA,NA,NA,NA,NA,NA,NA,NA,NA,NA,NA
"362707577",0,0,0,0,0,1,0,1,0,1,0,0,0,0,1,1,0,0,1,1
"494296571",0,1,0,0,1,0,0,1,0,0,1,0,0,0,0,1,0,0,0,0
"72360510",0,0,0,0,0,0,0,0,0,0,1,0,0,0,0,0,0,0,0,0
"1163966798",NA,NA,NA,NA,NA,NA,NA,NA,NA,NA,NA,NA,NA,NA,NA,NA,NA,NA,NA,NA
"2165364858",1,0,0,0,1,0,0,0,0,1,0,0,0,0,0,1,1,0,0,0
"43546286",0,0,0,0,0,0,0,0,0,1,1,0,0,0,0,0,0,0,0,0
"431049342",NA,NA,NA,NA,NA,NA,NA,NA,NA,NA,NA,NA,NA,NA,NA,NA,NA,NA,NA,NA
"70055350",NA,NA,NA,NA,NA,NA,NA,NA,NA,NA,NA,NA,NA,NA,NA,NA,NA,NA,NA,NA
"904777599766978560",0,0,0,1,0,0,0,1,0,0,0,0,0,0,1,1,0,0,0,0
"490376986",0,0,0,1,0,0,0,0,0,0,0,0,0,0,1,0,0,0,0,0
"372473138",0,0,0,0,1,0,0,1,0,1,0,0,0,0,1,1,0,0,0,1
"65063153",NA,NA,NA,NA,NA,NA,NA,NA,NA,NA,NA,NA,NA,NA,NA,NA,NA,NA,NA,NA
"64442441",0,0,0,0,0,0,0,1,0,0,1,0,0,0,1,1,0,0,0,1
"4878450075",NA,NA,NA,NA,NA,NA,NA,NA,NA,NA,NA,NA,NA,NA,NA,NA,NA,NA,NA,NA
"2292830888",0,0,0,0,0,0,0,1,0,1,0,0,0,0,0,1,0,0,0,0
"3185799560",0,0,0,0,0,0,0,1,0,1,1,0,0,0,0,0,0,0,0,0
"26158507",0,0,0,0,0,0,0,0,0,1,0,0,0,0,0,0,0,0,0,0
"21465147",0,0,0,0,1,1,0,1,0,1,0,0,0,0,0,1,0,0,1,0
"506050549",0,1,0,0,0,0,0,1,0,0,0,0,0,0,1,1,0,0,0,1
"767544424440225792",0,0,0,0,0,0,0,0,0,1,0,0,0,0,0,0,0,0,1,0
"925374450786361344",0,0,0,0,0,0,0,0,0,0,0,0,0,0,0,1,0,0,0,0
"255702611",0,0,0,0,1,0,0,1,0,0,0,0,0,0,0,0,0,0,1,0
"336641233",NA,NA,NA,NA,NA,NA,NA,NA,NA,NA,NA,NA,NA,NA,NA,NA,NA,NA,NA,NA
"2328121883",NA,NA,NA,NA,NA,NA,NA,NA,NA,NA,NA,NA,NA,NA,NA,NA,NA,NA,NA,NA
"19211931",1,0,0,0,0,0,0,0,0,1,0,0,0,0,0,1,1,0,1,0
"1581592993",1,0,0,0,1,0,0,0,0,1,0,0,0,0,0,0,0,0,0,0
"22032397",0,0,0,0,1,0,0,1,0,0,0,0,0,0,1,1,0,0,0,0
"2242849801",1,0,0,0,1,1,0,1,0,1,0,0,0,0,1,1,1,0,0,1
"878184572",NA,NA,NA,NA,NA,NA,NA,NA,NA,NA,NA,NA,NA,NA,NA,NA,NA,NA,NA,NA
"68271578",NA,NA,NA,NA,NA,NA,NA,NA,NA,NA,NA,NA,NA,NA,NA,NA,NA,NA,NA,NA
"2209297657",0,0,0,1,0,1,0,0,0,0,0,0,0,0,1,0,1,0,0,0
"581206215",NA,NA,NA,NA,NA,NA,NA,NA,NA,NA,NA,NA,NA,NA,NA,NA,NA,NA,NA,NA
"2344505317",0,0,0,1,0,0,0,0,0,1,0,0,0,0,1,0,0,0,1,0
"717449984841527296",NA,NA,NA,NA,NA,NA,NA,NA,NA,NA,NA,NA,NA,NA,NA,NA,NA,NA,NA,NA
"2353543525",0,0,0,0,0,0,0,0,0,1,1,0,0,0,0,0,0,0,1,0
"68897692",NA,NA,NA,NA,NA,NA,NA,NA,NA,NA,NA,NA,NA,NA,NA,NA,NA,NA,NA,NA
"599445337",0,0,0,0,0,0,0,1,0,1,0,0,0,0,0,0,0,0,1,0
"4581465913",0,0,0,0,1,0,0,1,0,0,0,0,0,0,1,1,0,0,0,0
"2176542468",0,0,0,0,0,0,0,1,0,1,0,0,0,0,0,0,0,0,0,0
"390331577",NA,NA,NA,NA,NA,NA,NA,NA,NA,NA,NA,NA,NA,NA,NA,NA,NA,NA,NA,NA
"4581302902",1,0,0,0,0,0,0,1,0,1,1,0,0,0,0,1,1,0,1,0
"507521022",NA,NA,NA,NA,NA,NA,NA,NA,NA,NA,NA,NA,NA,NA,NA,NA,NA,NA,NA,NA
"557152798",0,0,0,0,1,1,0,0,0,1,0,0,0,0,0,1,0,0,0,0
"507562427",0,0,0,0,1,0,0,1,0,0,0,0,0,0,1,1,0,0,0,1
"62276638",NA,NA,NA,NA,NA,NA,NA,NA,NA,NA,NA,NA,NA,NA,NA,NA,NA,NA,NA,NA
"2383750128",NA,NA,NA,NA,NA,NA,NA,NA,NA,NA,NA,NA,NA,NA,NA,NA,NA,NA,NA,NA
"417574791",1,0,0,0,1,0,0,1,0,0,1,0,0,0,1,1,1,0,0,1
"91145008",0,0,0,0,0,0,0,1,0,1,0,0,0,0,0,0,0,0,0,0
"603083228",NA,NA,NA,NA,NA,NA,NA,NA,NA,NA,NA,NA,NA,NA,NA,NA,NA,NA,NA,NA
"340423016",0,0,0,0,1,1,0,1,0,1,0,0,0,0,0,1,0,0,0,0
"509067887",0,0,0,0,0,0,0,0,0,0,0,0,0,0,0,1,0,0,0,0
"627558036",0,1,0,1,0,0,0,1,0,1,0,0,0,0,1,1,0,0,0,1
"3000321418",0,0,0,0,0,1,0,1,0,0,0,0,0,0,0,1,0,0,0,0
"2963948910",0,0,0,0,0,0,0,0,0,1,0,0,0,0,0,1,0,0,0,0
"18087755",0,0,0,0,0,1,0,1,0,0,1,0,0,0,0,1,0,0,0,0
"21925192",NA,NA,NA,NA,NA,NA,NA,NA,NA,NA,NA,NA,NA,NA,NA,NA,NA,NA,NA,NA
"1420307215",0,0,0,0,1,0,0,1,0,1,0,0,0,0,1,0,0,0,0,1
"509108112",0,0,0,0,0,0,0,1,0,0,0,0,0,0,0,0,0,0,0,0
"4725830673",1,0,0,0,0,1,0,1,0,1,0,0,0,0,1,1,1,0,1,1
"1330714418",0,0,0,0,0,0,0,1,0,0,1,0,0,0,1,1,0,0,0,1
"70435856",1,0,0,0,0,1,0,1,0,1,0,0,0,0,0,1,1,0,0,0
"38442478",NA,NA,NA,NA,NA,NA,NA,NA,NA,NA,NA,NA,NA,NA,NA,NA,NA,NA,NA,NA
"2899467990",0,0,0,0,1,0,0,0,0,1,1,0,0,0,0,1,0,0,0,0
"108519121",NA,NA,NA,NA,NA,NA,NA,NA,NA,NA,NA,NA,NA,NA,NA,NA,NA,NA,NA,NA
"132171327",0,0,0,0,1,0,0,1,0,0,1,0,0,0,0,1,0,0,0,0
"826174740763070464",0,0,0,0,1,1,0,1,0,1,0,0,0,0,0,1,0,0,1,0
"2786409114",0,0,0,0,0,0,0,1,0,1,1,0,0,0,0,1,0,0,1,0
"1713114559",0,0,0,0,1,0,0,0,0,1,0,0,0,0,0,0,0,0,0,0
"2983245271",0,0,0,0,0,0,0,0,0,1,1,0,0,0,0,0,0,0,0,0
"43467353",NA,NA,NA,NA,NA,NA,NA,NA,NA,NA,NA,NA,NA,NA,NA,NA,NA,NA,NA,NA
"28637224",0,0,0,0,1,0,0,0,0,0,0,0,0,0,0,0,0,0,0,0
"1641293239",NA,NA,NA,NA,NA,NA,NA,NA,NA,NA,NA,NA,NA,NA,NA,NA,NA,NA,NA,NA
"17025489",0,0,0,0,0,1,0,0,0,1,0,0,0,0,0,0,0,0,0,0
"139501320",NA,NA,NA,NA,NA,NA,NA,NA,NA,NA,NA,NA,NA,NA,NA,NA,NA,NA,NA,NA
"256157258",0,0,0,1,1,0,0,0,0,1,0,0,0,0,0,0,1,0,0,0
"3272287644",0,0,0,0,0,0,0,0,0,0,0,0,0,0,0,1,0,0,0,0
"1599173083",0,0,0,0,1,0,0,0,0,0,0,0,0,0,0,1,0,0,0,0
"1710246422",NA,NA,NA,NA,NA,NA,NA,NA,NA,NA,NA,NA,NA,NA,NA,NA,NA,NA,NA,NA
"392933208",0,0,1,0,0,0,0,0,0,0,0,0,0,0,0,1,0,0,0,0
"330592662",0,0,0,0,0,0,0,0,0,1,0,0,0,0,0,0,0,0,0,0
"236534618",0,0,0,0,1,0,0,0,0,0,0,0,0,0,0,0,0,0,0,0
"85844559",NA,NA,NA,NA,NA,NA,NA,NA,NA,NA,NA,NA,NA,NA,NA,NA,NA,NA,NA,NA
"394838637",NA,NA,NA,NA,NA,NA,NA,NA,NA,NA,NA,NA,NA,NA,NA,NA,NA,NA,NA,NA
"354041953",NA,NA,NA,NA,NA,NA,NA,NA,NA,NA,NA,NA,NA,NA,NA,NA,NA,NA,NA,NA
"52935946",NA,NA,NA,NA,NA,NA,NA,NA,NA,NA,NA,NA,NA,NA,NA,NA,NA,NA,NA,NA
"355237624",0,0,0,0,0,0,0,0,0,1,0,0,0,0,0,0,0,0,0,0
"338669947",NA,NA,NA,NA,NA,NA,NA,NA,NA,NA,NA,NA,NA,NA,NA,NA,NA,NA,NA,NA
"256074273",0,0,0,0,0,1,0,0,0,0,0,0,0,0,0,0,0,0,0,0
"400320125",0,0,0,0,0,0,1,0,0,0,0,0,0,0,0,0,0,0,0,0
"18772406",NA,NA,NA,NA,NA,NA,NA,NA,NA,NA,NA,NA,NA,NA,NA,NA,NA,NA,NA,NA
"101862922",0,0,0,0,0,0,0,0,0,0,0,0,0,0,0,0,1,0,0,0
"221659600",0,0,0,0,1,0,0,0,0,0,0,0,0,0,0,0,0,0,0,1
"3065062453",0,0,0,0,0,0,0,0,0,1,0,0,0,0,0,0,0,0,0,0
"838928948",NA,NA,NA,NA,NA,NA,NA,NA,NA,NA,NA,NA,NA,NA,NA,NA,NA,NA,NA,NA
"97581493",0,0,0,0,1,0,0,0,0,0,0,0,0,0,0,0,0,0,0,0
"28639189",0,0,0,0,0,0,0,0,0,0,0,0,0,0,0,0,0,0,0,0
"3053769480",0,0,1,0,0,0,0,0,0,0,0,0,0,0,0,1,0,0,0,0
"3060663253",0,0,0,0,0,0,0,0,0,0,0,0,0,0,0,0,1,0,0,0
"2927086494",NA,NA,NA,NA,NA,NA,NA,NA,NA,NA,NA,NA,NA,NA,NA,NA,NA,NA,NA,NA
"142770852",0,0,0,0,0,0,0,0,0,1,0,0,0,0,0,0,0,0,0,0
"169229045",0,0,0,0,0,0,0,0,0,1,0,0,0,0,0,0,0,0,0,0
"55472395",NA,NA,NA,NA,NA,NA,NA,NA,NA,NA,NA,NA,NA,NA,NA,NA,NA,NA,NA,NA
"438529528",0,0,0,0,0,0,0,0,0,1,0,0,0,0,0,0,0,0,0,0
"3099952406",0,0,0,0,0,0,0,0,0,1,0,0,0,0,0,0,0,0,0,0
"334448120",0,0,0,0,0,0,0,0,0,0,0,0,0,0,0,0,0,0,0,1
"574185893",NA,NA,NA,NA,NA,NA,NA,NA,NA,NA,NA,NA,NA,NA,NA,NA,NA,NA,NA,NA
"904502504",0,0,0,0,0,0,0,0,0,1,0,0,0,0,0,0,0,0,0,0
"771856099",0,0,0,0,0,1,0,0,0,0,0,0,0,0,0,0,0,0,0,0
"113173142",0,0,0,0,0,0,0,0,0,1,0,0,0,0,0,0,0,0,0,1
"56717592",0,0,0,0,0,0,0,0,0,1,0,0,0,0,0,0,0,0,0,1
"21336343",0,0,0,0,0,0,0,0,0,0,1,0,0,0,0,0,0,0,0,0
"121860139",0,0,0,0,0,0,0,0,0,0,0,0,0,0,0,1,1,0,0,0
"3145215662",NA,NA,NA,NA,NA,NA,NA,NA,NA,NA,NA,NA,NA,NA,NA,NA,NA,NA,NA,NA
"2905351184",0,0,0,0,0,0,0,0,0,0,0,0,0,0,0,0,1,0,0,0
"861973747",0,0,0,0,0,0,0,0,0,0,0,0,0,0,0,1,0,0,0,0
"3600637033",0,0,0,0,0,1,0,0,0,0,0,0,0,0,0,0,0,0,0,0
"155942845",0,0,0,0,0,0,0,0,0,0,0,0,0,0,0,1,0,0,0,0
"21045364",0,0,1,0,0,0,0,0,0,1,0,0,0,0,0,0,0,0,1,0
"428514193",0,0,0,0,0,0,0,0,0,0,0,0,0,0,0,0,0,0,0,0
"389283633",NA,NA,NA,NA,NA,NA,NA,NA,NA,NA,NA,NA,NA,NA,NA,NA,NA,NA,NA,NA
"381542027",0,0,0,0,0,0,0,0,0,1,0,0,0,0,0,0,0,0,0,0
"411844026",0,0,0,0,0,0,0,0,0,1,0,0,0,0,0,0,0,0,0,0
"37365390",0,0,1,0,0,0,1,0,0,0,0,0,0,0,0,0,0,0,1,0
"243677635",0,0,0,0,0,0,0,0,0,1,0,0,0,0,0,0,0,0,0,0
"1096434308",0,0,0,0,0,0,1,0,0,1,0,0,0,0,0,0,0,0,0,1
"94650130",0,0,0,0,0,0,0,0,0,1,0,0,0,0,0,0,0,0,0,0
"19741685",0,0,0,0,0,0,0,0,0,1,0,0,0,0,0,0,0,0,0,0
"133165344",0,0,0,0,0,0,0,0,0,0,0,0,0,0,0,1,0,0,0,0
"36524859",0,0,0,0,0,0,0,0,0,0,0,0,0,0,0,0,0,0,0,0
"516776026",0,0,0,0,0,0,0,0,0,1,0,0,0,0,0,0,0,0,0,0
"386696819",NA,NA,NA,NA,NA,NA,NA,NA,NA,NA,NA,NA,NA,NA,NA,NA,NA,NA,NA,NA
"296550439",0,0,0,0,0,0,0,0,0,0,1,0,0,0,0,0,0,0,0,0
"25332041",0,0,0,0,0,0,0,0,0,0,0,0,0,0,0,0,0,0,0,1
"618306293",0,0,0,0,0,0,0,0,0,0,0,0,0,0,0,0,0,0,0,1
"1096445426",0,0,0,0,0,0,0,0,0,0,1,0,0,0,0,0,0,0,0,0
"46278119",NA,NA,NA,NA,NA,NA,NA,NA,NA,NA,NA,NA,NA,NA,NA,NA,NA,NA,NA,NA
"1548675188",NA,NA,NA,NA,NA,NA,NA,NA,NA,NA,NA,NA,NA,NA,NA,NA,NA,NA,NA,NA
"86392440",NA,NA,NA,NA,NA,NA,NA,NA,NA,NA,NA,NA,NA,NA,NA,NA,NA,NA,NA,NA
"112899475",0,0,0,0,1,0,0,0,0,1,0,0,0,0,0,0,0,0,0,0
"737131740",0,0,1,0,0,0,0,0,0,0,0,0,0,0,0,0,0,0,1,0
"1205219106",0,0,1,0,0,0,0,0,0,0,0,0,0,0,0,1,0,0,0,0
"21421710",0,0,0,0,0,0,0,0,0,1,0,0,0,0,0,0,0,0,0,0
"3329147232",0,0,0,0,0,0,0,1,0,0,0,0,0,0,0,1,0,0,0,0
"2314458697",0,0,1,0,1,0,0,0,0,0,0,0,0,0,0,0,0,0,1,0
"2223328046",1,0,1,0,0,0,0,0,0,0,0,0,0,0,0,1,0,0,0,0
"809858509",NA,NA,NA,NA,NA,NA,NA,NA,NA,NA,NA,NA,NA,NA,NA,NA,NA,NA,NA,NA
"907182024",0,0,0,0,1,0,0,0,0,1,0,0,0,0,0,0,0,0,0,0
"3148361078",0,0,1,0,0,0,0,0,0,0,0,0,0,0,0,1,1,0,0,0
"379403679",0,0,0,0,0,0,0,0,0,0,0,0,0,0,0,1,0,0,0,0
"23484025",0,0,0,0,0,0,0,1,0,1,0,0,0,0,0,0,0,0,0,0
"4562766923",0,0,0,0,1,0,0,0,0,1,0,0,0,0,0,0,0,0,0,0
"475208548",NA,NA,NA,NA,NA,NA,NA,NA,NA,NA,NA,NA,NA,NA,NA,NA,NA,NA,NA,NA
"57221416",0,0,0,0,0,0,0,0,0,1,0,0,0,0,0,0,0,0,0,0
"158715755",0,0,0,0,0,0,0,0,0,0,0,0,0,0,0,1,0,0,0,0
"381552927",1,0,0,0,0,0,0,0,0,0,0,0,0,0,0,0,0,0,0,0
"1112289313",0,0,0,0,0,0,0,0,0,0,1,0,0,0,0,0,0,0,0,0
"387707165",0,0,0,0,1,0,0,0,0,1,0,0,0,0,0,0,0,0,0,0
"1546246813",0,0,0,0,0,1,0,1,0,0,0,0,0,0,0,0,0,0,0,0
"3288910812",0,0,0,0,0,0,0,0,0,0,0,0,0,0,0,0,0,0,0,0
"364632749",0,0,1,0,0,0,0,0,0,0,0,0,0,0,0,1,1,0,0,0
"956955703",0,0,0,0,1,0,0,0,0,1,0,0,0,0,0,0,0,0,0,0
"427002522",NA,NA,NA,NA,NA,NA,NA,NA,NA,NA,NA,NA,NA,NA,NA,NA,NA,NA,NA,NA
"850011900113018880",0,0,0,0,0,0,0,0,0,1,1,0,0,0,0,0,0,0,0,1
"175847438",NA,NA,NA,NA,NA,NA,NA,NA,NA,NA,NA,NA,NA,NA,NA,NA,NA,NA,NA,NA
"2234825047",0,0,0,0,0,0,0,1,0,0,0,0,0,0,0,0,0,0,0,1
"2678481522",0,0,0,0,0,0,0,0,0,1,0,0,0,0,0,0,0,0,0,0
"102709037",0,0,0,0,1,0,0,0,0,0,0,0,0,0,0,0,0,0,0,0
"1241822899",0,0,0,0,0,0,0,0,0,0,0,0,0,0,0,0,0,0,0,0
"1060727293",0,0,0,0,0,0,0,0,0,0,1,0,0,0,0,0,1,0,0,0
"444464812",0,0,0,0,1,0,0,0,0,1,0,0,0,0,0,0,0,0,0,0
"17168851",0,0,0,0,0,1,0,0,0,1,0,0,0,0,0,0,0,0,0,0
"2250914340",0,0,1,0,0,0,0,0,0,0,0,0,0,0,0,0,0,0,1,0
"15876673",0,0,0,0,0,0,0,0,0,0,0,0,0,0,0,0,0,0,0,0
"412316336",0,0,0,0,0,0,0,0,0,0,0,0,0,0,0,0,0,0,0,0
"21328762",0,0,0,0,0,0,0,0,0,0,0,0,0,0,0,1,0,0,0,1
"606780846",0,0,0,0,0,0,0,1,0,0,0,0,0,0,0,1,0,0,0,0
"39350934",0,0,0,0,0,0,0,0,0,0,1,0,0,0,0,1,0,0,0,0
"342923280",0,0,0,0,0,0,0,0,0,1,0,0,0,0,0,0,0,0,0,1
"376474550",0,0,0,0,0,0,0,0,0,1,0,0,0,0,0,0,0,0,0,0
"356903515",0,0,0,0,0,1,0,0,0,1,0,0,0,0,0,0,0,0,0,0
"20809530",0,0,0,1,1,0,0,0,0,1,0,0,0,0,0,1,1,0,0,0
"175514162",NA,NA,NA,NA,NA,NA,NA,NA,NA,NA,NA,NA,NA,NA,NA,NA,NA,NA,NA,NA
"432643761",0,0,0,0,1,0,0,1,0,0,0,0,0,0,0,0,0,0,0,0
"112543508",0,0,0,0,0,0,0,1,0,0,0,0,0,0,0,0,0,0,0,0
"47364219",0,0,0,1,0,0,0,0,0,0,1,0,0,0,0,1,1,0,0,0
"102792727",0,0,0,0,1,0,0,1,0,0,0,0,0,0,0,0,0,0,0,0
"2196718225",0,0,0,0,0,0,0,1,0,0,0,0,0,0,0,1,0,0,0,0
"1963156225",NA,NA,NA,NA,NA,NA,NA,NA,NA,NA,NA,NA,NA,NA,NA,NA,NA,NA,NA,NA
"1694721368",0,0,0,0,0,0,0,1,0,1,0,0,0,0,0,1,0,0,0,0
"50442179",0,0,0,0,0,0,0,1,0,0,1,0,0,0,0,0,0,0,0,1
"356477515",NA,NA,NA,NA,NA,NA,NA,NA,NA,NA,NA,NA,NA,NA,NA,NA,NA,NA,NA,NA
"434998702",1,0,0,0,1,0,0,0,0,0,0,0,1,0,0,0,0,0,1,0
"309753403",1,0,0,1,0,0,0,1,0,0,0,0,0,0,0,0,1,0,0,1
"245993078",0,0,0,1,0,0,0,1,0,0,0,0,0,0,0,0,1,0,0,0
"66799896",0,0,0,0,1,0,0,1,0,0,0,0,0,0,0,0,0,0,0,1
"2354071802",0,0,0,0,1,0,0,0,0,0,1,0,0,0,0,1,0,0,0,0
"68920859",0,0,0,0,1,0,0,1,0,1,1,0,1,0,0,0,0,0,1,0
"503272829",NA,NA,NA,NA,NA,NA,NA,NA,NA,NA,NA,NA,NA,NA,NA,NA,NA,NA,NA,NA
"214133792",0,0,0,0,1,0,0,0,0,1,0,0,1,0,0,0,0,0,1,0
"89836466",NA,NA,NA,NA,NA,NA,NA,NA,NA,NA,NA,NA,NA,NA,NA,NA,NA,NA,NA,NA
"174281775",NA,NA,NA,NA,NA,NA,NA,NA,NA,NA,NA,NA,NA,NA,NA,NA,NA,NA,NA,NA
"874629359243546624",0,0,0,0,0,0,0,1,0,1,0,0,0,0,0,0,0,0,0,1
"148030986",NA,NA,NA,NA,NA,NA,NA,NA,NA,NA,NA,NA,NA,NA,NA,NA,NA,NA,NA,NA
"23442668",0,0,0,0,0,0,0,0,0,0,1,0,1,0,0,0,0,0,1,0
"55028345",0,0,0,0,1,0,0,1,0,0,0,0,0,0,0,0,0,0,0,0
"239930426",1,0,0,0,0,0,0,1,0,1,0,0,1,0,0,0,0,0,1,1
"40557819",NA,NA,NA,NA,NA,NA,NA,NA,NA,NA,NA,NA,NA,NA,NA,NA,NA,NA,NA,NA
"2864015602",0,0,0,0,1,0,0,1,0,0,0,0,0,0,0,0,0,0,0,0
"21826591",NA,NA,NA,NA,NA,NA,NA,NA,NA,NA,NA,NA,NA,NA,NA,NA,NA,NA,NA,NA
"19614210",0,0,0,1,0,0,0,1,0,0,0,0,0,0,0,0,1,0,0,1
"325840830",0,0,0,1,1,0,0,0,0,1,1,0,0,0,1,1,0,0,0,0
"2592319016",0,0,0,0,1,0,0,0,1,1,0,0,0,1,0,1,0,0,0,0
"555376962",NA,NA,NA,NA,NA,NA,NA,NA,NA,NA,NA,NA,NA,NA,NA,NA,NA,NA,NA,NA
"391117640",1,0,0,1,0,0,1,1,0,1,0,0,0,0,1,1,1,0,0,0
"2450593525",0,0,0,0,0,0,0,0,0,1,1,0,0,0,0,0,0,0,0,1
"16101770",0,0,0,0,1,0,0,0,0,1,0,0,0,0,0,0,0,0,1,0
"18164385",NA,NA,NA,NA,NA,NA,NA,NA,NA,NA,NA,NA,NA,NA,NA,NA,NA,NA,NA,NA
"2945661938",0,0,0,0,0,0,0,0,0,1,1,0,0,0,0,1,0,0,1,0
"38114402",NA,NA,NA,NA,NA,NA,NA,NA,NA,NA,NA,NA,NA,NA,NA,NA,NA,NA,NA,NA
"123070437",1,0,0,0,1,0,1,0,0,1,0,0,0,0,0,1,1,0,0,0
"580497795",0,0,0,0,1,1,0,0,0,1,0,0,0,0,0,1,0,1,0,0
"231950682",0,0,0,0,0,0,0,1,0,1,1,0,0,0,1,1,0,0,0,0
"492334178",1,0,0,0,1,0,1,0,0,1,0,0,0,0,0,1,1,0,1,0
"92558741",0,0,0,1,1,0,0,1,0,1,0,0,0,0,1,0,0,0,0,0
"1369641458",0,0,0,1,0,1,0,1,0,1,0,0,0,0,1,0,0,1,0,1
"36134092",1,0,0,1,1,0,1,1,0,1,0,0,0,0,1,1,1,0,1,0
"71365889",0,0,0,0,1,0,0,1,0,1,0,0,0,0,1,1,0,0,1,0
"2444977166",1,0,0,1,1,0,1,0,1,1,0,0,0,1,1,1,1,0,0,1
"1112161434",0,0,0,0,1,0,0,1,1,1,0,0,0,1,1,1,0,0,0,0
"393164039",0,0,0,1,0,1,0,1,0,1,0,0,0,0,1,1,0,1,0,0
"316664027",0,0,0,1,1,1,0,0,0,1,0,0,0,0,1,1,0,1,0,0
"255727205",NA,NA,NA,NA,NA,NA,NA,NA,NA,NA,NA,NA,NA,NA,NA,NA,NA,NA,NA,NA
"146529195",0,0,0,0,0,0,0,0,0,1,0,0,0,0,0,1,0,0,0,0
"160436548",0,0,0,0,1,0,0,0,0,1,1,0,0,0,0,0,0,0,0,0
"756101640",NA,NA,NA,NA,NA,NA,NA,NA,NA,NA,NA,NA,NA,NA,NA,NA,NA,NA,NA,NA
"580293590",1,0,0,0,0,1,1,0,0,1,0,0,0,0,0,1,1,1,0,0
"1532014123",0,0,0,0,1,0,0,0,1,1,1,0,0,1,0,1,0,0,0,0
"2342653614",NA,NA,NA,NA,NA,NA,NA,NA,NA,NA,NA,NA,NA,NA,NA,NA,NA,NA,NA,NA
"521933061",NA,NA,NA,NA,NA,NA,NA,NA,NA,NA,NA,NA,NA,NA,NA,NA,NA,NA,NA,NA
"2416271592",1,0,0,0,0,0,1,0,0,1,0,0,0,0,0,1,1,0,1,0
"824762007916204032",0,0,0,1,0,0,0,1,0,1,0,0,0,0,1,0,0,0,0,0
"600333987",1,0,0,1,1,0,1,1,0,1,0,0,0,0,1,0,1,0,0,0
"472369683",0,0,0,1,1,0,0,1,0,1,0,0,0,0,1,1,0,0,1,0
"51533826",0,0,0,1,0,0,0,1,0,1,0,0,0,0,1,0,0,0,0,0
"17954334",0,0,0,0,1,0,0,0,0,1,1,0,0,0,0,0,0,0,0,0
"2317667646",1,0,0,0,1,0,1,0,0,1,1,0,0,0,0,1,1,0,1,0
"928125174",0,0,0,0,0,0,0,0,0,1,1,0,0,0,0,1,0,0,0,0
"564968390",1,0,0,0,1,0,1,1,1,1,0,0,0,1,1,1,1,0,0,0
"1097290110",0,0,0,1,0,0,0,1,0,1,0,0,0,0,1,1,0,0,0,0
"354924452",1,0,0,1,1,0,1,1,0,1,0,0,0,0,1,1,1,0,1,0
"2385782958",NA,NA,NA,NA,NA,NA,NA,NA,NA,NA,NA,NA,NA,NA,NA,NA,NA,NA,NA,NA
"2207473406",NA,NA,NA,NA,NA,NA,NA,NA,NA,NA,NA,NA,NA,NA,NA,NA,NA,NA,NA,NA
"365408479",0,0,0,0,1,0,0,0,0,1,0,0,0,0,0,1,0,0,0,0
"269541301",NA,NA,NA,NA,NA,NA,NA,NA,NA,NA,NA,NA,NA,NA,NA,NA,NA,NA,NA,NA
"734812537946968064",0,0,0,0,1,0,0,0,1,1,1,0,0,1,0,1,0,0,0,0
"100871017",0,0,0,0,1,0,0,0,0,1,0,0,0,0,0,1,0,0,1,0
"190802051",NA,NA,NA,NA,NA,NA,NA,NA,NA,NA,NA,NA,NA,NA,NA,NA,NA,NA,NA,NA
"243243078",1,0,0,1,0,0,1,1,0,1,0,0,0,0,1,1,1,0,0,0
"322238178",0,0,0,1,0,1,0,1,1,1,0,0,0,1,1,1,0,1,0,1
"31983238",NA,NA,NA,NA,NA,NA,NA,NA,NA,NA,NA,NA,NA,NA,NA,NA,NA,NA,NA,NA
"2316186090",0,0,0,1,1,0,0,0,0,1,1,0,0,0,1,1,0,0,0,0
"270462608",NA,NA,NA,NA,NA,NA,NA,NA,NA,NA,NA,NA,NA,NA,NA,NA,NA,NA,NA,NA
"328752446",0,0,0,0,0,1,0,0,1,1,1,0,0,1,0,1,0,1,0,1
"77241120",0,0,0,0,0,0,0,0,0,1,0,0,0,0,0,1,0,0,1,0
"484861885",0,0,0,0,1,0,0,0,0,1,0,0,0,0,0,1,0,0,0,0
"1128438697",1,0,0,1,0,1,1,1,0,1,0,0,0,0,1,1,1,1,0,1
"2296826000",1,0,0,0,0,0,1,0,0,1,1,0,0,0,0,1,1,0,0,0
"2562034543",0,0,0,1,1,1,0,1,0,1,0,0,0,0,1,1,0,1,1,1
"14795302",0,0,0,0,1,0,0,0,0,1,0,0,0,0,0,1,0,0,0,0
"72879187",NA,NA,NA,NA,NA,NA,NA,NA,NA,NA,NA,NA,NA,NA,NA,NA,NA,NA,NA,NA
"66990324",0,0,0,0,1,1,0,1,0,0,1,0,0,0,1,1,0,0,0,0
"299727253",NA,NA,NA,NA,NA,NA,NA,NA,NA,NA,NA,NA,NA,NA,NA,NA,NA,NA,NA,NA
"14617155",0,0,0,0,1,0,0,0,0,0,1,0,0,0,0,1,0,0,1,0
"59824455",0,0,0,0,0,0,0,0,0,1,0,0,0,0,0,1,0,0,0,0
"1345917452",0,0,0,0,1,0,0,0,0,0,0,0,0,0,0,1,0,1,0,1
"304158388",0,0,0,0,1,0,0,1,0,1,1,0,0,0,1,1,0,0,1,0
"366421074",NA,NA,NA,NA,NA,NA,NA,NA,NA,NA,NA,NA,NA,NA,NA,NA,NA,NA,NA,NA
"1325194064",0,0,0,0,1,0,0,0,0,1,0,0,0,0,0,1,0,1,0,1
"1073812969",NA,NA,NA,NA,NA,NA,NA,NA,NA,NA,NA,NA,NA,NA,NA,NA,NA,NA,NA,NA
"823611157",0,0,0,0,0,0,0,1,0,1,1,0,0,0,1,0,0,1,0,0
"2949567827",1,0,0,0,1,0,0,1,0,1,1,0,0,0,0,1,1,1,0,0
"881955418032963584",1,0,0,0,1,0,0,1,0,0,0,0,0,0,1,1,1,0,0,0
"2432237755",1,0,0,0,1,0,0,1,0,1,1,0,0,0,1,1,1,1,1,1
"3098168441",0,0,1,0,1,0,0,0,0,0,0,0,0,0,0,1,0,0,0,1
"2720054437",NA,NA,NA,NA,NA,NA,NA,NA,NA,NA,NA,NA,NA,NA,NA,NA,NA,NA,NA,NA
"1222179409",0,0,0,0,1,0,0,0,0,0,0,0,0,0,0,0,0,1,0,1
"2339034433",0,0,0,0,0,0,0,0,0,0,0,0,0,0,0,1,0,0,1,1
"16118322",1,0,0,0,1,0,0,1,0,0,0,0,0,0,1,0,1,0,0,0
"2330538708",1,0,0,0,0,0,0,0,0,0,0,0,0,0,0,1,1,1,0,1
"149586061",1,0,0,0,1,0,0,0,0,0,1,1,0,0,0,1,1,0,0,0
"2540548986",0,0,0,0,1,0,0,1,0,0,1,0,0,0,1,1,0,0,0,0
"184472657",0,0,0,0,1,0,0,1,0,1,1,0,0,0,0,0,0,1,0,1
"44122678",0,0,0,1,0,1,0,1,0,0,0,0,0,0,1,0,0,0,0,1
"236968152",0,0,0,0,0,0,0,1,0,1,1,0,0,0,1,1,0,1,0,1
"69056021",NA,NA,NA,NA,NA,NA,NA,NA,NA,NA,NA,NA,NA,NA,NA,NA,NA,NA,NA,NA
"17846914",1,0,0,0,0,1,0,1,0,1,1,0,0,0,0,0,1,1,1,1
"2966173305",0,0,0,0,0,0,0,0,0,1,0,0,0,0,0,1,0,0,1,0
"158755220",0,0,0,0,0,0,0,0,0,0,1,0,0,0,0,1,0,0,1,0
"29450425",1,0,0,1,0,0,0,0,0,0,0,0,0,0,0,1,1,0,0,0
"461529170",0,0,0,0,0,0,0,0,0,0,1,0,0,0,1,1,0,0,1,0
"2595555014",1,0,0,0,1,0,0,1,0,0,0,0,0,0,0,0,1,0,0,0
"297428020",1,0,0,0,0,0,0,1,0,1,0,0,0,0,0,1,1,1,1,0
"317997164",0,0,0,0,1,1,0,1,0,0,0,0,0,0,1,1,0,0,0,0
"23265954",NA,NA,NA,NA,NA,NA,NA,NA,NA,NA,NA,NA,NA,NA,NA,NA,NA,NA,NA,NA
"14466551",0,0,0,0,0,0,0,0,0,0,0,0,0,0,0,1,0,1,0,0
"43117323",0,0,0,0,0,0,0,1,0,0,0,0,0,0,1,1,0,0,0,1
"1345848170",0,0,0,0,1,0,0,0,0,0,0,0,0,0,0,1,0,1,0,0
"751075331801485312",0,0,0,0,1,0,0,0,0,1,1,0,0,0,0,1,0,1,1,0
"16696587",NA,NA,NA,NA,NA,NA,NA,NA,NA,NA,NA,NA,NA,NA,NA,NA,NA,NA,NA,NA
"486841647",0,0,0,0,1,0,0,1,0,1,1,0,0,0,0,1,0,1,1,0
"1289192724",0,0,0,0,1,0,0,1,0,0,0,0,0,0,1,1,0,0,0,0
"96161390",0,0,0,0,1,0,0,1,0,1,0,0,0,0,1,1,0,0,0,1
"2464799684",0,0,0,0,1,0,0,0,0,1,1,0,0,0,0,1,0,0,1,1
"478771834",0,0,0,0,1,0,0,0,0,1,1,0,0,0,0,0,0,0,1,0
"29531504",NA,NA,NA,NA,NA,NA,NA,NA,NA,NA,NA,NA,NA,NA,NA,NA,NA,NA,NA,NA
"3047585753",1,0,0,0,1,0,0,1,0,1,0,1,0,0,0,1,1,1,0,0
"34704753",NA,NA,NA,NA,NA,NA,NA,NA,NA,NA,NA,NA,NA,NA,NA,NA,NA,NA,NA,NA
"1284438674",0,0,0,0,1,0,0,0,0,1,0,0,0,0,0,1,0,1,0,1
"244297067",NA,NA,NA,NA,NA,NA,NA,NA,NA,NA,NA,NA,NA,NA,NA,NA,NA,NA,NA,NA
"912926138",0,0,0,0,0,0,0,0,0,0,0,0,0,0,0,1,0,1,0,1
"39055544",1,0,0,0,1,0,0,1,0,1,0,0,0,0,0,1,1,1,0,0
"1706107621",0,0,0,0,1,0,0,1,0,0,0,0,0,0,0,0,0,0,0,0
"114003963",NA,NA,NA,NA,NA,NA,NA,NA,NA,NA,NA,NA,NA,NA,NA,NA,NA,NA,NA,NA
"330568725",1,0,0,0,1,1,0,1,0,1,0,0,0,0,0,0,1,1,1,0
"2665780009",NA,NA,NA,NA,NA,NA,NA,NA,NA,NA,NA,NA,NA,NA,NA,NA,NA,NA,NA,NA
"397526668",0,0,0,0,0,0,0,1,0,0,0,0,0,0,1,1,0,0,0,1
"4626692652",0,0,0,0,0,0,0,1,0,0,0,0,0,0,1,1,0,0,0,0
"894689892134944768",0,0,0,1,1,0,0,1,0,0,1,0,0,0,1,0,0,1,0,1
"2943372737",0,0,0,0,0,0,0,0,0,0,1,0,0,0,0,1,0,0,1,0
"1583380656",0,0,0,0,1,0,0,1,0,0,1,0,0,0,0,0,0,0,1,0
"61754782",0,0,0,0,1,0,0,0,0,1,1,1,0,0,0,1,0,0,1,1
"2746183652",1,0,0,0,1,0,0,1,0,0,1,0,0,0,1,1,1,0,0,0
"1413993523",1,0,0,0,0,0,0,0,0,0,0,0,0,0,0,1,1,1,0,1
"613974907",0,0,0,0,0,0,0,1,0,1,1,0,0,0,1,1,0,1,0,0
"4824361443",0,0,0,1,1,0,0,0,0,1,1,0,0,0,0,0,0,0,0,1
"3066052457",0,0,0,0,1,0,0,1,0,1,1,0,0,0,0,1,0,1,0,1
"2928451870",1,0,0,0,1,0,0,1,0,0,1,0,0,0,1,1,1,1,0,1
"24707719",1,0,0,1,0,0,0,1,0,1,1,0,0,0,1,0,1,1,0,0
"124560631",0,0,0,0,0,0,0,1,0,0,0,0,0,0,0,1,0,1,1,0
"250185710",0,0,0,0,1,0,0,1,0,1,1,0,0,0,1,1,0,0,0,0
"1043581705",1,0,0,0,1,1,0,0,0,1,1,0,0,0,0,1,1,1,0,1
"211678206",0,0,0,0,1,0,0,0,0,0,1,1,0,0,0,1,0,1,0,1
"38628901",1,0,0,0,1,1,0,1,0,1,1,1,0,0,1,1,1,1,0,0
"98238345",0,0,0,0,1,0,0,1,0,1,1,0,0,0,1,1,0,1,0,1
"2822437554",1,0,0,1,1,1,0,1,0,1,1,0,0,0,0,1,1,0,1,0
"19991326",0,0,1,0,1,0,0,1,0,0,1,0,0,0,0,1,0,0,0,1
"18804994",1,0,0,1,0,0,0,1,0,1,0,0,0,0,1,1,1,0,0,0
"201886840",0,0,0,0,0,0,0,1,0,1,0,0,0,0,0,1,0,1,0,0
"1064151020",0,0,0,0,0,0,0,0,0,1,0,0,0,0,0,1,0,1,0,0
"245907654",0,0,0,0,1,0,0,1,0,1,1,0,0,0,1,1,0,0,1,1
"18112393",1,0,0,1,1,0,0,0,0,0,0,0,0,0,0,1,1,1,0,1
"278124320",0,0,0,0,1,0,0,0,0,1,0,0,0,0,0,1,0,0,0,1
"2212905492",NA,NA,NA,NA,NA,NA,NA,NA,NA,NA,NA,NA,NA,NA,NA,NA,NA,NA,NA,NA
"44014050",1,0,0,0,1,0,0,0,0,1,1,0,0,0,0,1,1,0,0,0
"277034872",0,0,0,1,1,0,0,1,0,1,1,0,0,0,1,1,1,0,0,1
"16451101",0,0,0,0,0,0,0,0,0,1,0,0,0,0,0,1,0,1,0,0
"270101349",1,0,0,0,1,0,0,0,0,1,1,0,0,0,0,0,1,0,0,1
"425427122",0,0,0,0,1,1,0,1,0,0,1,1,0,0,1,1,0,1,1,1
"89772618",0,0,0,0,1,0,0,1,0,1,1,0,0,0,1,1,0,0,0,0
"105152728",0,0,0,0,0,0,0,1,0,0,0,0,0,0,1,0,0,0,0,0
"924553015",1,0,0,0,1,0,0,0,0,1,1,0,0,0,0,0,1,0,0,0
"158388227",0,0,0,1,0,0,0,0,0,1,0,0,0,0,1,1,0,1,0,1
"370859141",1,0,0,0,0,0,0,0,0,1,0,0,0,0,0,0,1,0,0,1
"2438552886",0,0,0,0,0,0,0,0,0,1,0,0,0,0,0,1,0,0,0,0
"2468167074",0,0,0,0,0,0,0,0,0,1,0,0,0,0,0,1,0,0,0,0
"1935823602",1,0,0,0,0,0,1,0,0,1,0,0,0,0,0,1,0,0,0,0
"71929773",NA,NA,NA,NA,NA,NA,NA,NA,NA,NA,NA,NA,NA,NA,NA,NA,NA,NA,NA,NA
"1271243048",0,0,0,1,1,0,0,0,0,1,0,1,0,0,0,1,0,0,0,0
"473258233",0,0,0,0,0,0,1,0,0,1,0,0,0,0,0,0,1,0,0,1
"18252334",0,0,0,0,0,0,0,0,0,0,0,0,0,0,0,1,0,0,0,0
"626847832",0,0,0,1,0,0,0,1,0,1,0,0,0,0,0,0,1,0,0,0
"3080448137",0,0,0,0,0,0,0,0,0,1,1,0,0,0,0,1,1,0,0,0
"18348239",0,0,0,0,0,0,0,0,0,1,0,0,0,0,0,0,0,0,1,0
"18490135",0,0,0,0,0,0,0,1,0,1,0,0,0,0,1,1,0,0,0,1
"78528831",0,0,0,0,0,0,0,0,0,0,1,0,0,0,1,0,0,0,0,0
"365508775",0,0,0,0,0,0,0,0,0,0,1,0,0,0,1,0,0,0,0,1
"42720019",0,0,0,1,1,0,0,1,0,1,0,1,0,0,0,1,0,0,0,0
